sample,run,strain,lineage,vni_subdivision,dataset,source,mating_type,country_of_origin
ERS1142739,ERR1671640,20427_2#42,VNI,VNIa-32,Ashton,Clinical,,Vietnam
ERS2540972,ERR2624485,04CN-64-065,VNI,VNIa-32,Ashton,Clinical,,Uganda
ERS2541156,ERR2624113,BMD915,VNI,VNIa-32,Ashton,Clinical,,Vietnam
ERS542302,ERR842482,14892_1#7,VNI,VNIa-32,Ashton,Clinical,,Vietnam
ERS2541105,ERR2624207,BMD942,VNI,VNIa-32,Ashton,Clinical,,Vietnam
ERS2541198,ERR2624299,BMD2801,VNI,VNIa-32,Ashton,Clinical,,Vietnam
SRS404807,SRR798275,Bt28,VNI,VNIa-32,Desjardins,Clinical,α,Botswana
SRS881208,SRR1926080,PMHc1018.ENR,VNI,VNIa-32,Desjardins,Clinical,α,Botswana
ERS542396,ERR842637,14936_1#5,VNI,VNIa-32,Ashton,Clinical,,Vietnam
ERS2541226,ERR2624365,04CN-03-042,VNI,VNIa-32,Ashton,Clinical,,Vietnam
ERS2541192,ERR2624246,BMD2216,VNI,VNIa-32,Ashton,Clinical,,Vietnam
SRS417642,SRR836892,In2632,VNI,VNIa-32,Desjardins,Clinical,α,India
ERS1142728,ERR1671631,20427_2#33,VNI,VNIa-32,Ashton,Clinical,,Vietnam
ERS542317,ERR842495,14892_1#22,VNI,VNIa-32,Ashton,Clinical,,Vietnam
ERS1142780,ERR1756549,20949_2#16,VNI,VNIa-32,Ashton,Clinical,,Vietnam
ERS1142727,ERR1671630,20427_2#32,VNI,VNIa-32,Ashton,Clinical,,Vietnam
SRS405110,SRR798960,C27,VNI,VNIa-32,Desjardins,Clinical,α,USA
ERS542448,ERR842672,14936_1#57,VNI,VNIa-32,Ashton,Clinical,,Vietnam
ERS2540945,ERR2624432,04CN-65-072,VNI,VNIa-32,Ashton,Clinical,,Uganda
ERS1142700,ERR1671607,20427_2#9,VNI,VNIa-32,Ashton,Clinical,,Vietnam
SRS405126,SRR798738,A4-34-6,VNI,VNIa-32,Desjardins,Environmental,α,USA
ERS2541049,ERR2624145,04CN-65-161,VNI,VNIa-32,Ashton,Clinical,,Uganda
ERS2541305,ERR2624319,04CN-63-036,VNI,VNIa-32,Ashton,Clinical,,Malawi
SRS404503,SRR797785,Bt107,VNI,VNIa-32,Desjardins,Clinical,α,Botswana
ERS2540955,ERR2624249,04CN-63-019,VNI,VNIa-32,Ashton,Clinical,,Malawi
ERS542374,ERR842541,14892_1#78,VNI,VNIa-32,Ashton,Clinical,,Vietnam
ERS1142696,ERR1671603,20427_2#5,VNI,VNIa-32,Ashton,Clinical,,Vietnam
ERS542488,ERR842558,14893_1#2,VNI,VNIa-32,Ashton,Clinical,,Vietnam
ERS1142714,ERR1671618,20427_2#20,VNI,VNIa-32,Ashton,Clinical,,Vietnam
ERS1142749,ERR1671650,20427_2#52,VNI,VNIa-32,Ashton,Clinical,,Vietnam
ERS542459,ERR842680,14936_1#68,VNI,VNIa-4,Ashton,Clinical,,Vietnam
ERS542325,ERR842477,14892_1#1,VNI,VNIa-4,Ashton,Clinical,,Vietnam
ERS542312,ERR842491,14892_1#17,VNI,VNIa-4,Ashton,Clinical,,Vietnam
ERS1142797,ERR1671686,20427_3#16,VNI,VNIa-4,Ashton,Clinical,,Vietnam
ERS1142719,ERR1671622,20427_2#24,VNI,VNIa-4,Ashton,Clinical,,Vietnam
ERS542344,ERR842514,14892_1#48,VNI,VNIa-4,Ashton,Clinical,,Vietnam
ERS1142794,ERR1671684,20427_3#14,VNI,VNIa-4,Ashton,Clinical,,Vietnam
ERS1142720,ERR1671623,20427_2#25,VNI,VNIa-4,Ashton,Clinical,,Vietnam
ERS1142721,ERR1671624,20427_2#26,VNI,VNIa-4,Ashton,Clinical,,Vietnam
ERS2541396,ERR2624243,CNS_1156,VNI,VNIa-4,Ashton,Clinical,,Laos
ERS542445,ERR842670,14936_1#54,VNI,VNIa-4,Ashton,Clinical,,Vietnam
ERS1142790,ERR1671681,20427_3#11,VNI,VNIa-4,Ashton,Clinical,,Vietnam
ERS1142813,ERR1756560,20949_2#27,VNI,VNIa-4,Ashton,Clinical,,Vietnam
ERS542471,ERR842691,14936_1#80,VNI,VNIa-4,Ashton,Clinical,,Vietnam
ERS542470,ERR842690,14936_1#79,VNI,VNIa-4,Ashton,Clinical,,Vietnam
ERS1142806,ERR1671690,20427_3#20,VNI,VNIa-4,Ashton,Clinical,,Vietnam
ERS2541395,ERR2624200,CNS_1179,VNI,VNIa-4,Ashton,Clinical,,Laos
ERS2541114,ERR2624503,BMD2973,VNI,VNIa-4,Ashton,Clinical,,Vietnam
ERS2541300,ERR2624410,04CN-32-043,VNI,VNIa-4,Ashton,Clinical,,Thailand
ERS2541312,ERR2624178,04CN-32-011,VNI,VNIa-4,Ashton,Clinical,,Thailand
ERS2541307,ERR2624201,04CN-32-005,VNI,VNIa-4,Ashton,Clinical,,Thailand
ERS2541016,ERR2624346,04CN-32-004,VNI,VNIa-4,Ashton,Clinical,,Thailand
ERS2541060,ERR2624168,04CN-32-001,VNI,VNIa-4,Ashton,Clinical,,Thailand
ERS2541349,ERR2624224,UI_11199,VNI,VNIa-4,Ashton,Clinical,,Laos
ERS2541107,ERR2624496,04CN-30-008,VNI,VNIa-4,Ashton,Clinical,,Laos
ERS2541332,ERR2624175,04CN-30-002,VNI,VNIa-4,Ashton,Clinical,,Laos
ERS2541222,ERR2624116,04CN-30-001,VNI,VNIa-4,Ashton,Clinical,,Laos
ERS1142814,ERR1671695,20427_3#25,VNI,VNIa-4,Ashton,Clinical,,Vietnam
ERS1142722,ERR1671625,20427_2#27,VNI,VNIa-4,Ashton,Clinical,,Vietnam
ERS1142691,ERR1756535,20949_2#2,VNI,VNIa-4,Ashton,Clinical,,Vietnam
ERS1142817,ERR1671698,20427_3#28,VNI,VNIa-4,Ashton,Clinical,,Vietnam
ERS1142800,ERR1671688,20427_3#18,VNI,VNIa-4,Ashton,Clinical,,Vietnam
ERS1142789,ERR1671680,20427_3#10,VNI,VNIa-4,Ashton,Clinical,,Vietnam
ERS1142693,ERR1671600,20427_2#2,VNI,VNIa-4,Ashton,Clinical,,Vietnam
ERS1142724,ERR1671627,20427_2#29,VNI,VNIa-4,Ashton,Clinical,,Vietnam
ERS1142716,ERR1671619,20427_2#21,VNI,VNIa-4,Ashton,Clinical,,Vietnam
ERS542468,ERR842689,14936_1#77,VNI,VNIa-4,Ashton,Clinical,,Vietnam
ERS542498,ERR842567,14893_1#12,VNI,VNIa-4,Ashton,Clinical,,Vietnam
ERS542497,ERR842566,14893_1#11,VNI,VNIa-4,Ashton,Clinical,,Vietnam
ERS1142826,ERR1671704,20427_3#34,VNI,VNIa-4,Ashton,Clinical,,Vietnam
ERS542494,ERR842563,14893_1#8,VNI,VNIa-4,Ashton,Clinical,,Vietnam
ERS1142823,ERR1671702,20427_3#32,VNI,VNIa-4,Ashton,Clinical,,Vietnam
ERS542311,ERR842490,14892_1#16,VNI,VNIa-4,Ashton,Clinical,,Vietnam
ERS542484,ERR842704,14936_1#93,VNI,VNIa-4,Ashton,Clinical,,Vietnam
ERS1142819,ERR1671700,20427_3#30,VNI,VNIa-4,Ashton,Clinical,,Vietnam
ERS1142818,ERR1671699,20427_3#29,VNI,VNIa-4,Ashton,Clinical,,Vietnam
ERS1142815,ERR1671696,20427_3#26,VNI,VNIa-4,Ashton,Clinical,,Vietnam
ERS1142801,ERR1756555,20949_2#22,VNI,VNIa-4,Ashton,Clinical,,Vietnam
ERS2541342,ERR2624321,UI_31647-2,VNI,VNIa-4,Ashton,Clinical,,Laos
ERS1142827,ERR1671705,20427_3#35,VNI,VNIa-4,Ashton,Clinical,,Vietnam
ERS1142834,ERR1671711,20427_3#41,VNI,VNIa-4,Ashton,Clinical,,Vietnam
ERS1142835,ERR1756564,20949_2#31,VNI,VNIa-4,Ashton,Clinical,,Vietnam
ERS1142837,ERR1671713,20427_3#43,VNI,VNIa-4,Ashton,Clinical,,Vietnam
ERS1142838,ERR1671714,20427_3#44,VNI,VNIa-4,Ashton,Clinical,,Vietnam
ERS1142841,ERR1671717,20427_3#47,VNI,VNIa-4,Ashton,Clinical,,Vietnam
ERS1142850,ERR1671726,20427_3#56,VNI,VNIa-4,Ashton,Clinical,,Vietnam
ERS1142842,ERR1671718,20427_3#48,VNI,VNIa-4,Ashton,Clinical,,Vietnam
ERS1142843,ERR1671719,20427_3#49,VNI,VNIa-4,Ashton,Clinical,,Vietnam
ERS1142883,ERR1671744,20427_4#16,VNI,VNIa-4,Ashton,Clinical,,Vietnam
ERS1142847,ERR1671723,20427_3#53,VNI,VNIa-4,Ashton,Clinical,,Vietnam
ERS542520,ERR842589,14893_1#34,VNI,VNIa-4,Ashton,Clinical,,Vietnam
ERS1142848,ERR1671724,20427_3#54,VNI,VNIa-4,Ashton,Clinical,,Vietnam
ERS1142849,ERR1671725,20427_3#55,VNI,VNIa-4,Ashton,Clinical,,Vietnam
ERS542340,ERR842510,14892_1#44,VNI,VNIa-4,Ashton,Clinical,,Vietnam
ERS1142865,ERR1756573,20949_2#40,VNI,VNIa-4,Ashton,Clinical,,Vietnam
ERS542309,ERR842488,14892_1#14,VNI,VNIa-4,Ashton,Clinical,,Vietnam
ERS1142750,ERR1671651,20427_2#53,VNI,VNIa-4,Ashton,Clinical,,Vietnam
ERS2541402,ERR2624098,CNS_1085,VNI,VNIa-4,Ashton,Clinical,,Laos
ERS2541403,ERR2624220,CNS_1047,VNI,VNIa-4,Ashton,Clinical,,Laos
ERS1142760,ERR1671661,20427_2#63,VNI,VNIa-4,Ashton,Clinical,,Vietnam
ERS1142745,ERR1671646,20427_2#48,VNI,VNIa-4,Ashton,Clinical,,Vietnam
ERS2541404,ERR2624282,CNS_1026,VNI,VNIa-4,Ashton,Clinical,,Laos
ERS1142746,ERR1671647,20427_2#49,VNI,VNIa-4,Ashton,Clinical,,Vietnam
ERS1142703,ERR1671610,20427_2#12,VNI,VNIa-4,Ashton,Clinical,,Vietnam
ERS542366,ERR842534,14892_1#70,VNI,VNIa-4,Ashton,Clinical,,Vietnam
ERS542326,ERR842498,14892_1#30,VNI,VNIa-4,Ashton,Clinical,,Vietnam
ERS1142887,ERR1756582,20949_2#49,VNI,VNIa-4,Ashton,Clinical,,Vietnam
ERS2541348,ERR2624395,UI_12808,VNI,VNIa-4,Ashton,Clinical,,Laos
ERS542342,ERR842512,14892_1#46,VNI,VNIa-4,Ashton,Clinical,,Vietnam
ERS1142829,ERR1671706,20427_3#36,VNI,VNIa-4,Ashton,Clinical,,Vietnam
ERS1142877,ERR1671740,20427_4#12,VNI,VNIa-4,Ashton,Clinical,,Vietnam
ERS1142854,ERR1756566,20949_2#33,VNI,VNIa-4,Ashton,Clinical,,Vietnam
ERS1142855,ERR1756567,20949_2#34,VNI,VNIa-4,Ashton,Clinical,,Vietnam
ERS542558,ERR842614,14893_1#70,VNI,VNIa-4,Ashton,Clinical,,Vietnam
ERS1142875,ERR1671739,20427_4#11,VNI,VNIa-4,Ashton,Clinical,,Vietnam
ERS1142874,ERR1671738,20427_4#10,VNI,VNIa-4,Ashton,Clinical,,Vietnam
ERS542554,ERR842612,14893_1#66,VNI,VNIa-4,Ashton,Clinical,,Vietnam
ERS1142873,ERR1671737,20427_4#9,VNI,VNIa-4,Ashton,Clinical,,Vietnam
ERS1142861,ERR1671729,20427_4#1,VNI,VNIa-4,Ashton,Clinical,,Vietnam
ERS542536,ERR842599,14893_1#48,VNI,VNIa-4,Ashton,Clinical,,Vietnam
ERS1142871,ERR1671736,20427_4#8,VNI,VNIa-4,Ashton,Clinical,,Vietnam
ERS1142862,ERR1671730,20427_4#2,VNI,VNIa-4,Ashton,Clinical,,Vietnam
ERS542539,ERR842602,14893_1#51,VNI,VNIa-4,Ashton,Clinical,,Vietnam
ERS542540,ERR842603,14893_1#52,VNI,VNIa-4,Ashton,Clinical,,Vietnam
ERS1142863,ERR1671731,20427_4#3,VNI,VNIa-4,Ashton,Clinical,,Vietnam
ERS1142864,ERR1671732,20427_4#4,VNI,VNIa-4,Ashton,Clinical,,Vietnam
ERS1142869,ERR1756575,20949_2#42,VNI,VNIa-4,Ashton,Clinical,,Vietnam
ERS1142878,ERR1671741,20427_4#13,VNI,VNIa-4,Ashton,Clinical,,Vietnam
ERS1142852,ERR1671728,20427_3#58,VNI,VNIa-4,Ashton,Clinical,,Vietnam
ERS2541102,ERR2624293,BK287,VNI,VNIa-4,Ashton,Clinical,,Vietnam
ERS1142830,ERR1671707,20427_3#37,VNI,VNIa-4,Ashton,Clinical,,Vietnam
ERS2541280,ERR2624461,04CN-20-004,VNI,VNIa-4,Ashton,Clinical,,Vietnam
ERS2541345,ERR2624370,UI_16721,VNI,VNIa-4,Ashton,Clinical,,Laos
ERS2541346,ERR2624260,UI_14344,VNI,VNIa-4,Ashton,Clinical,,Laos
ERS2541377,ERR2624457,CNS_245,VNI,VNIa-4,Ashton,Clinical,,Laos
ERS2541379,ERR2624347,CNS_198,VNI,VNIa-4,Ashton,Clinical,,Laos
ERS2541378,ERR2624335,CNS_199,VNI,VNIa-4,Ashton,Clinical,,Laos
ERS2541368,ERR2624390,CNS_595,VNI,VNIa-4,Ashton,Clinical,,Laos
ERS2541382,ERR2624190,CNS_1474,VNI,VNIa-4,Ashton,Clinical,,Laos
ERS2541384,ERR2624386,CNS_1453,VNI,VNIa-4,Ashton,Clinical,,Laos
ERS2541372,ERR2624289,CNS_456,VNI,VNIa-4,Ashton,Clinical,,Laos
ERS2541385,ERR2624123,CNS_1420,VNI,VNIa-4,Ashton,Clinical,,Laos
ERS2541369,ERR2624373,CNS_569,VNI,VNIa-4,Ashton,Clinical,,Laos
ERS2541386,ERR2624396,CNS_1419,VNI,VNIa-4,Ashton,Clinical,,Laos
ERS2541387,ERR2624405,CNS_1413,VNI,VNIa-4,Ashton,Clinical,,Laos
ERS2540982,ERR2624198,04CN-33-065,VNI,VNIa-4,Ashton,Clinical,,Thailand
ERS542546,ERR842608,14893_1#58,VNI,VNIa-4,Ashton,Clinical,,Vietnam
ERS2541367,ERR2624302,CNS_625,VNI,VNIa-4,Ashton,Clinical,,Laos
ERS2541076,ERR2624154,04CN-33-061,VNI,VNIa-4,Ashton,Clinical,,Thailand
ERS2541094,ERR2624333,04CN-03-068,VNI,VNIa-4,Ashton,Clinical,,Vietnam
ERS2541288,ERR2624459,04CN-03-075,VNI,VNIa-4,Ashton,Clinical,,Vietnam
ERS2541266,ERR2624305,04CN-03-078,VNI,VNIa-4,Ashton,Clinical,,Vietnam
ERS2541146,ERR2624412,04CN-03-082,VNI,VNIa-4,Ashton,Clinical,,Vietnam
ERS2541180,ERR2624241,04CN-03-084,VNI,VNIa-4,Ashton,Clinical,,Vietnam
ERS2541190,ERR2624248,04CN-03-085,VNI,VNIa-4,Ashton,Clinical,,Vietnam
ERS2541120,ERR2624460,04CN-03-086,VNI,VNIa-4,Ashton,Clinical,,Vietnam
ERS2541093,ERR2624435,04CN-03-087,VNI,VNIa-4,Ashton,Clinical,,Vietnam
ERS2541248,ERR2624129,04CN-03-093,VNI,VNIa-4,Ashton,Clinical,,Vietnam
ERS2541225,ERR2624283,04CN-03-064,VNI,VNIa-4,Ashton,Clinical,,Vietnam
ERS2541104,ERR2624179,04CN-03-095,VNI,VNIa-4,Ashton,Clinical,,Vietnam
ERS2541177,ERR2624160,04CN-03-098,VNI,VNIa-4,Ashton,Clinical,,Vietnam
ERS2541160,ERR2624094,04CN-03-100,VNI,VNIa-4,Ashton,Clinical,,Vietnam
ERS2541250,ERR2624143,04CN-03-092,VNI,VNIa-4,Ashton,Clinical,,Vietnam
ERS2541323,ERR2624374,UI32312,VNI,VNIa-4,Ashton,Clinical,,Laos
ERS2541365,ERR2624295,CNS_681,VNI,VNIa-4,Ashton,Clinical,,Laos
ERS2541366,ERR2624342,CNS_626,VNI,VNIa-4,Ashton,Clinical,,Laos
ERS2541373,ERR2624261,CNS_447,VNI,VNIa-4,Ashton,Clinical,,Laos
ERS2541380,ERR2624213,CNS_1589,VNI,VNIa-4,Ashton,Clinical,,Laos
ERS2541359,ERR2624336,CNS_929,VNI,VNIa-4,Ashton,Clinical,,Laos
ERS2541389,ERR2624381,CNS_1394,VNI,VNIa-4,Ashton,Clinical,,Laos
ERS2541357,ERR2624311,CNS_955,VNI,VNIa-4,Ashton,Clinical,,Laos
ERS2541356,ERR2624452,CNS_978,VNI,VNIa-4,Ashton,Clinical,,Laos
ERS2541390,ERR2624379,CNS_1385,VNI,VNIa-4,Ashton,Clinical,,Laos
ERS2541355,ERR2624137,CNS_999,VNI,VNIa-4,Ashton,Clinical,,Laos
ERS2541391,ERR2624487,CNS_1379,VNI,VNIa-4,Ashton,Clinical,,Laos
ERS2541354,ERR2624498,CNS_FS_1931,VNI,VNIa-4,Ashton,Clinical,,Laos
ERS2541361,ERR2624372,CNS_863,VNI,VNIa-4,Ashton,Clinical,,Laos
ERS2541340,ERR2624136,CNS_133-2,VNI,VNIa-4,Ashton,Clinical,,Laos
ERS2541353,ERR2624364,CNS_FS_4256,VNI,VNIa-4,Ashton,Clinical,,Laos
ERS2541020,ERR2624127,04CN-64-006,VNI,VNIa-4,Ashton,Clinical,,Uganda
ERS2541352,ERR2624257,CNS_ST_1930,VNI,VNIa-4,Ashton,Clinical,,Laos
ERS2540997,ERR2624266,04CN-33-093,VNI,VNIa-4,Ashton,Clinical,,Thailand
ERS2541350,ERR2624409,HC_ST_352,VNI,VNIa-4,Ashton,Clinical,,Laos
ERS2540990,ERR2624221,04CN-33-067,VNI,VNIa-4,Ashton,Clinical,,Thailand
ERS2541392,ERR2624318,CNS_1302,VNI,VNIa-4,Ashton,Clinical,,Laos
ERS2540929,ERR2624440,04CN-33-066,VNI,VNIa-4,Ashton,Clinical,,Thailand
ERS2541360,ERR2624471,CNS_897,VNI,VNIa-4,Ashton,Clinical,,Laos
ERS2541364,ERR2624182,CNS_806,VNI,VNIa-4,Ashton,Clinical,,Laos
ERS2541362,ERR2624455,CNS_814,VNI,VNIa-4,Ashton,Clinical,,Laos
ERS2541388,ERR2624107,CNS_1403,VNI,VNIa-4,Ashton,Clinical,,Laos
ERS2541374,ERR2624328,CNS_445,VNI,VNIa-4,Ashton,Clinical,,Laos
ERS2541375,ERR2624473,CNS_430,VNI,VNIa-4,Ashton,Clinical,,Laos
ERS2541376,ERR2624407,CNS_289,VNI,VNIa-4,Ashton,Clinical,,Laos
ERS2540940,ERR2624099,04CN-33-062,VNI,VNIa-4,Ashton,Clinical,,Thailand
ERS2541351,ERR2624310,HC_ST_2296,VNI,VNIa-4,Ashton,Clinical,,Laos
ERS2541347,ERR2624362,UI_14167,VNI,VNIa-4,Ashton,Clinical,,Laos
ERS2541318,ERR2624436,UI29674,VNI,VNIa-4,Ashton,Clinical,,Laos
ERS2541268,ERR2624431,04CN-11-003,VNI,VNIa-4,Ashton,Clinical,,Vietnam
ERS2541297,ERR2624195,04CN-32-074,VNI,VNIa-4,Ashton,Clinical,,Thailand
ERS2541291,ERR2624276,04CN-32-083,VNI,VNIa-4,Ashton,Clinical,,Thailand
ERS2541295,ERR2624427,04CN-32-084,VNI,VNIa-4,Ashton,Clinical,,Thailand
ERS2541027,ERR2624165,04CN-32-089,VNI,VNIa-4,Ashton,Clinical,,Thailand
ERS2541343,ERR2624274,UI_21616,VNI,VNIa-4,Ashton,Clinical,,Laos
ERS2541074,ERR2624162,04CN-32-090,VNI,VNIa-4,Ashton,Clinical,,Thailand
ERS2540930,ERR2624250,04CN-32-093,VNI,VNIa-4,Ashton,Clinical,,Thailand
ERS2541026,ERR2624132,04CN-32-105,VNI,VNIa-4,Ashton,Clinical,,Thailand
ERS2541015,ERR2624422,04CN-32-106,VNI,VNIa-4,Ashton,Clinical,,Thailand
ERS2540946,ERR2624437,04CN-33-002,VNI,VNIa-4,Ashton,Clinical,,Thailand
ERS2541048,ERR2624164,04CN-33-004,VNI,VNIa-4,Ashton,Clinical,,Thailand
ERS2541010,ERR2624320,04CN-33-015,VNI,VNIa-4,Ashton,Clinical,,Thailand
ERS2541004,ERR2624185,04CN-33-023,VNI,VNIa-4,Ashton,Clinical,,Thailand
ERS2541298,ERR2624291,04CN-32-071,VNI,VNIa-4,Ashton,Clinical,,Thailand
ERS2540939,ERR2624150,04CN-33-026,VNI,VNIa-4,Ashton,Clinical,,Thailand
ERS2540937,ERR2624449,04CN-32-031,VNI,VNIa-4,Ashton,Clinical,,Thailand
ERS2541314,ERR2624359,04CN-32-025,VNI,VNIa-4,Ashton,Clinical,,Thailand
ERS2540967,ERR2624479,04CN-32-020,VNI,VNIa-4,Ashton,Clinical,,Thailand
ERS2540948,ERR2624439,04CN-32-019,VNI,VNIa-4,Ashton,Clinical,,Thailand
ERS2541219,ERR2624376,04CN-11-010,VNI,VNIa-4,Ashton,Clinical,,Vietnam
ERS2541286,ERR2624153,04CN-11-011,VNI,VNIa-4,Ashton,Clinical,,Vietnam
ERS2541141,ERR2624206,04CN-11-012,VNI,VNIa-4,Ashton,Clinical,,Vietnam
ERS2541344,ERR2624157,UI_16771,VNI,VNIa-4,Ashton,Clinical,,Laos
ERS2541135,ERR2624392,04CN-11-014,VNI,VNIa-4,Ashton,Clinical,,Vietnam
ERS2541166,ERR2624101,04CN-11-015,VNI,VNIa-4,Ashton,Clinical,,Vietnam
ERS2541241,ERR2624144,04CN-11-018,VNI,VNIa-4,Ashton,Clinical,,Vietnam
ERS2541221,ERR2624375,04CN-11-019,VNI,VNIa-4,Ashton,Clinical,,Vietnam
ERS1142758,ERR1671659,20427_2#61,VNI,VNIa-4,Ashton,Clinical,,Vietnam
ERS2541011,ERR2624096,04CN-33-034,VNI,VNIa-4,Ashton,Clinical,,Thailand
ERS2541289,ERR2624366,04CN-11-001,VNI,VNIa-4,Ashton,Clinical,,Vietnam
ERS2541299,ERR2624239,04CN-32-067,VNI,VNIa-4,Ashton,Clinical,,Thailand
ERS1142900,ERR1756591,20949_2#59,VNI,VNIa-4,Ashton,Environmental,,Vietnam
ERS2541108,ERR2624475,04CN-11-005,VNI,VNIa-4,Ashton,Clinical,,Vietnam
ERS2541204,ERR2624488,04CN-03-067,VNI,VNIa-4,Ashton,Clinical,,Vietnam
ERS2541148,ERR2624187,04CN-03-061,VNI,VNIa-4,Ashton,Clinical,,Vietnam
ERS2541025,ERR2624140,04CN-33-045,VNI,VNIa-4,Ashton,Clinical,,Thailand
ERS2541302,ERR2624486,04CN-03-002,VNI,VNIa-4,Ashton,Clinical,,Vietnam
ERS2541293,ERR2624426,04CN-03-003,VNI,VNIa-4,Ashton,Clinical,,Vietnam
ERS2541301,ERR2624478,04CN-03-004,VNI,VNIa-4,Ashton,Clinical,,Vietnam
ERS2541292,ERR2624325,04CN-03-006,VNI,VNIa-4,Ashton,Clinical,,Vietnam
ERS2540976,ERR2624146,04CN-03-008,VNI,VNIa-4,Ashton,Clinical,,Vietnam
ERS2541116,ERR2624104,04CN-03-011,VNI,VNIa-4,Ashton,Clinical,,Vietnam
ERS2541099,ERR2624313,04CN-03-013,VNI,VNIa-4,Ashton,Clinical,,Vietnam
ERS2541157,ERR2624355,04CN-03-015,VNI,VNIa-4,Ashton,Clinical,,Vietnam
ERS2541283,ERR2624408,04CN-03-017,VNI,VNIa-4,Ashton,Clinical,,Vietnam
ERS2541294,ERR2624441,04CN-32-059,VNI,VNIa-4,Ashton,Clinical,,Thailand
ERS2541259,ERR2624445,04CN-03-059,VNI,VNIa-4,Ashton,Clinical,,Vietnam
ERS2541098,ERR2624348,04CN-03-032,VNI,VNIa-4,Ashton,Clinical,,Vietnam
ERS2541244,ERR2624424,04CN-03-037,VNI,VNIa-4,Ashton,Clinical,,Vietnam
ERS2541275,ERR2624443,04CN-03-040,VNI,VNIa-4,Ashton,Clinical,,Vietnam
ERS2541216,ERR2624453,04CN-03-046,VNI,VNIa-4,Ashton,Clinical,,Vietnam
ERS2541267,ERR2624273,04CN-03-052,VNI,VNIa-4,Ashton,Clinical,,Vietnam
ERS2541117,ERR2624119,04CN-03-056,VNI,VNIa-4,Ashton,Clinical,,Vietnam
ERS2541213,ERR2624420,04CN-11-006,VNI,VNIa-4,Ashton,Clinical,,Vietnam
ERS2541163,ERR2624255,04CN-11-007,VNI,VNIa-4,Ashton,Clinical,,Vietnam
ERS2541186,ERR2624330,04CN-11-008,VNI,VNIa-4,Ashton,Clinical,,Vietnam
ERS2541296,ERR2624430,04CN-32-086,VNI,VNIa-4,Ashton,Clinical,,Thailand
ERS2540954,ERR2624326,04CN-32-040,VNI,VNIa-4,Ashton,Clinical,,Thailand
ERS2541394,ERR2624111,CNS_1181,VNI,VNIa-4,Ashton,Clinical,,Laos
ERS2541272,ERR2624269,04CN-32-044B,VNI,VNIa-4,Ashton,Clinical,,Thailand
ERS2541171,ERR2624298,04CN-03-028,VNI,VNIa-4,Ashton,Clinical,,Vietnam
ERS1142747,ERR1671648,20427_2#50,VNI,VNIa-4,Ashton,Clinical,,Vietnam
ERS1142808,ERR1671692,20427_3#22,VNI,VNIa-4,Ashton,Clinical,,Vietnam
ERS1142757,ERR1671658,20427_2#60,VNI,VNIa-4,Ashton,Clinical,,Vietnam
ERS1142783,ERR1671674,20427_3#4,VNI,VNIa-4,Ashton,Clinical,,Vietnam
ERS2541397,ERR2624341,CNS_1129,VNI,VNIa-4,Ashton,Clinical,,Laos
ERS1142784,ERR1671675,20427_3#5,VNI,VNIa-4,Ashton,Clinical,,Vietnam
ERS542437,ERR842664,14936_1#46,VNI,VNIa-4,Ashton,Clinical,,Vietnam
ERS542435,ERR842662,14936_1#44,VNI,VNIa-4,Ashton,Clinical,,Vietnam
ERS1142733,ERR1671636,20427_2#38,VNI,VNIa-4,Ashton,Clinical,,Vietnam
SRS417588,SRR836620,AD3-95a,VNI,VNIa-4,Desjardins,Clinical,α,France
ERS542306,ERR842485,14892_1#11,VNI,VNIa-4,Ashton,Clinical,,Vietnam
ERS1142741,ERR1671642,20427_2#44,VNI,VNIa-4,Ashton,Clinical,,Vietnam
ERS2541401,ERR2624223,CNS_1087,VNI,VNIa-4,Ashton,Clinical,,Laos
ERS1142738,ERR1671639,20427_2#41,VNI,VNIa-4,Ashton,Clinical,,Vietnam
ERS2541400,ERR2624368,CNS_1089,VNI,VNIa-4,Ashton,Clinical,,Laos
ERS1142773,ERR1671671,20427_3#1,VNI,VNIa-4,Ashton,Clinical,,Vietnam
ERS542413,ERR842647,14936_1#22,VNI,VNIa-4,Ashton,Clinical,,Vietnam
ERS1142737,ERR1671638,20427_2#40,VNI,VNIa-4,Ashton,Clinical,,Vietnam
ERS1142698,ERR1671605,20427_2#7,VNI,VNIa-4,Ashton,Clinical,,Vietnam
ERS1142770,ERR1671669,20427_2#71,VNI,VNIa-4,Ashton,Clinical,,Vietnam
ERS2541134,ERR2624450,BMD2773,VNI,VNIa-4,Ashton,Clinical,,Vietnam
SRS409074,SRR642861,Th84,VNI,VNIa-4,Desjardins,Clinical,α,Thailand
SRS520174,SRR1063256,LP-RSA2297,VNI,VNIa-4,Desjardins,Clinical,α,S. Africa
SRS404760,SRR798175,Bt132,VNI,VNIa-4,Desjardins,Clinical,α,Botswana
SRS405127,SRR798739,Th206,VNI,VNIa-4,Desjardins,Clinical,α,Thailand
SRS417680,SRR837099,Ug2463,VNI,VNIa-4,Desjardins,Clinical,α,Uganda
SRS404447,SRR797736,Bt99,VNI,VNIa-4,Desjardins,Clinical,α,Botswana
SRS405114,SRR798663,Bt164,VNI,VNIa-4,Desjardins,Clinical,α,Botswana
SRS417593,SRR836642,AD4-76a,VNI,VNIa-4,Desjardins,Clinical,α,France
ERS1142726,ERR1671629,20427_2#31,VNI,VNIa-4,Ashton,Clinical,,Vietnam
ERS2541398,ERR2624254,CNS_1125,VNI,VNIa-4,Ashton,Clinical,,Laos
ERS1142699,ERR1671606,20427_2#8,VNI,VNIa-4,Ashton,Clinical,,Vietnam
ERS1142732,ERR1671635,20427_2#37,VNI,VNIa-4,Ashton,Clinical,,Vietnam
ERS1142694,ERR1671601,20427_2#3,VNI,VNIa-4,Ashton,Clinical,,Vietnam
ERS1142752,ERR1671653,20427_2#55,VNI,VNIa-4,Ashton,Clinical,,Vietnam
ERS2541405,ERR2624163,CNS_1017,VNI,VNIa-4,Ashton,Clinical,,Laos
ERS542406,ERR842644,14936_1#15,VNI,VNIa-4,Ashton,Clinical,,Vietnam
ERS1142753,ERR1671654,20427_2#56,VNI,VNIa-4,Ashton,Clinical,,Vietnam
ERS2541149,ERR2624301,BMD745,VNI,VNIa-4,Ashton,Clinical,,Vietnam
ERS1142755,ERR1671656,20427_2#58,VNI,VNIa-4,Ashton,Clinical,,Vietnam
ERS1142782,ERR1756551,20949_2#18,VNI,VNIa-4,Ashton,Clinical,,Vietnam
ERS2541109,ERR2624444,BMD1392,VNI,VNIa-4,Ashton,Clinical,,Vietnam
ERS1142690,ERR1756534,20949_2#1,VNI,VNIa-4,Ashton,Clinical,,Vietnam
ERS2541103,ERR2624218,BMD1415,VNI,VNIa-4,Ashton,Clinical,,Vietnam
ERS1142895,ERR1756588,20949_2#55,VNI,VNIa-4,Ashton,Clinical,,Vietnam
ERS2541153,ERR2624402,BMD394,VNI,VNIa-4,Ashton,Clinical,,Vietnam
ERS542545,ERR842607,14893_1#57,VNI,VNIa-4,Ashton,Clinical,,Vietnam
ERS2541152,ERR2624158,BMD1879,VNI,VNIa-4,Ashton,Clinical,,Vietnam
ERS2541247,ERR2624406,BMD2209,VNI,VNIa-4,Ashton,Clinical,,Vietnam
ERS2541399,ERR2624228,CNS_1110,VNI,VNIa-4,Ashton,Clinical,,Laos
ERS542361,ERR842530,14892_1#65,VNI,VNIa-4,Ashton,Clinical,,Vietnam
ERS1142779,ERR1671673,20427_3#3,VNI,VNIa-4,Ashton,Clinical,,Vietnam
ERS1142730,ERR1671633,20427_2#35,VNI,VNIa-4,Ashton,Clinical,,Vietnam
ERS2541195,ERR2624316,BMD1929,VNI,VNIa-4,Ashton,Clinical,,Vietnam
ERS1142729,ERR1671632,20427_2#34,VNI,VNIa-4,Ashton,Clinical,,Vietnam
ERS1142742,ERR1671643,20427_2#45,VNI,VNIa-4,Ashton,Clinical,,Vietnam
ERS542394,ERR842635,14936_1#3,VNI,VNIa-4,Ashton,Clinical,,Vietnam
ERS1142762,ERR1671663,20427_2#65,VNI,VNIa-4,Ashton,Clinical,,Vietnam
ERS2541090,ERR2624130,BMD2733,VNI,VNIa-4,Ashton,Clinical,,Vietnam
ERS2541218,ERR2624211,BMD2806,VNI,VNIa-4,Ashton,Clinical,,Vietnam
ERS2541287,ERR2624235,BMD2834,VNI,VNIa-4,Ashton,Clinical,,Vietnam
ERS1142744,ERR1671645,20427_2#47,VNI,VNIa-4,Ashton,Clinical,,Vietnam
ERS2541330,ERR2624227,BMD2655,VNI,VNIa-5,Ashton,Clinical,,Vietnam
ERS1142709,ERR1671614,20427_2#16,VNI,VNIa-5,Ashton,Clinical,,Vietnam
ERS2541328,ERR2624404,BMD2765,VNI,VNIa-5,Ashton,Clinical,,Vietnam
ERS1142713,ERR1671617,20427_2#19,VNI,VNIa-5,Ashton,Clinical,,Vietnam
ERS2541128,ERR2624351,BMD2809,VNI,VNIa-5,Ashton,Clinical,,Vietnam
ERS542335,ERR842506,14892_1#39,VNI,VNIa-5,Ashton,Clinical,,Vietnam
ERS2541096,ERR2624256,BMD1713,VNI,VNIa-5,Ashton,Clinical,,Vietnam
ERS1142712,ERR1671616,20427_2#18,VNI,VNIa-5,Ashton,Clinical,,Vietnam
ERS1142711,ERR1671615,20427_2#17,VNI,VNIa-5,Ashton,Clinical,,Vietnam
ERS542324,ERR842497,14892_1#29,VNI,VNIa-5,Ashton,Clinical,,Vietnam
ERS542303,ERR842483,14892_1#8,VNI,VNIa-5,Ashton,Clinical,,Vietnam
ERS2541273,ERR2624194,BMD3079,VNI,VNIa-5,Ashton,Clinical,,Vietnam
ERS542328,ERR842500,14892_1#32,VNI,VNIa-5,Ashton,Clinical,,Vietnam
ERS2541306,ERR2624391,BMD1673,VNI,VNIa-5,Ashton,Clinical,,Vietnam
ERS1142898,ERR1671748,20427_4#20,VNI,VNIa-5,Ashton,Clinical,,Vietnam
ERS2541315,ERR2624278,BMD3002,VNI,VNIa-5,Ashton,Clinical,,Vietnam
ERS1142715,ERR1756539,20949_2#6,VNI,VNIa-5,Ashton,Clinical,,Vietnam
ERS1142767,ERR1756543,20949_2#10,VNI,VNIa-5,Ashton,Clinical,,Vietnam
ERS2541230,ERR2624356,BMD2407,VNI,VNIa-5,Ashton,Clinical,,Vietnam
ERS1142740,ERR1671641,20427_2#43,VNI,VNIa-5,Ashton,Clinical,,Vietnam
ERS2541205,ERR2624389,04CN-03-090,VNI,VNIa-5,Ashton,Clinical,,Vietnam
ERS1142765,ERR1671666,20427_2#68,VNI,VNIa-5,Ashton,Clinical,,Vietnam
ERS1142764,ERR1671665,20427_2#67,VNI,VNIa-5,Ashton,Clinical,,Vietnam
ERS2541085,ERR2624378,04CN-03-091,VNI,VNIa-5,Ashton,Clinical,,Vietnam
ERS1142763,ERR1671664,20427_2#66,VNI,VNIa-5,Ashton,Clinical,,Vietnam
ERS2541037,ERR2624222,04CN-64-002,VNI,VNIa-5,Ashton,Clinical,,Uganda
ERS2541303,ERR2624232,04CN-03-001,VNI,VNIa-5,Ashton,Clinical,,Vietnam
ERS2541393,ERR2624433,CNS_121,VNI,VNIa-5,Ashton,Clinical,,Laos
ERS2541327,ERR2624343,BMD2495,VNI,VNIa-5,Ashton,Clinical,,Vietnam
ERS2541162,ERR2624480,BMD2617,VNI,VNIa-5,Ashton,Clinical,,Vietnam
ERS2541112,ERR2624152,BMD1828,VNI,VNIa-5,Ashton,Clinical,,Vietnam
ERS2541228,ERR2624340,BMD1903,VNI,VNIa-5,Ashton,Clinical,,Vietnam
ERS1142718,ERR1671621,20427_2#23,VNI,VNIa-5,Ashton,Clinical,,Vietnam
ERS2541279,ERR2624133,BMD2031,VNI,VNIa-5,Ashton,Clinical,,Vietnam
ERS2541122,ERR2624102,BMD2106,VNI,VNIa-5,Ashton,Clinical,,Vietnam
ERS542391,ERR842557,14892_1#95,VNI,VNIa-5,Ashton,Clinical,,Vietnam
ERS2541370,ERR2624304,CNS_517,VNI,VNIa-5,Ashton,Clinical,,Laos
ERS1142717,ERR1671620,20427_2#22,VNI,VNIa-5,Ashton,Clinical,,Vietnam
ERS2541161,ERR2624090,BMD2298,VNI,VNIa-5,Ashton,Clinical,,Vietnam
ERS2541101,ERR2624394,BMD1716,VNI,VNIa-5,Ashton,Clinical,,Vietnam
ERS1142736,ERR1756541,20949_2#8,VNI,VNIa-5,Ashton,Clinical,,Vietnam
ERS2541252,ERR2624472,BMD1592,VNI,VNIa-5,Ashton,Clinical,,Vietnam
ERS1142748,ERR1671649,20427_2#51,VNI,VNIa-5,Ashton,Clinical,,Vietnam
ERS542343,ERR842513,14892_1#47,VNI,VNIa-5,Ashton,Clinical,,Vietnam
ERS2541264,ERR2624428,BMD3117,VNI,VNIa-5,Ashton,Clinical,,Vietnam
ERS2541087,ERR2624114,BMD732,VNI,VNIa-5,Ashton,Clinical,,Vietnam
ERS2541274,ERR2624203,BMD761,VNI,VNIa-5,Ashton,Clinical,,Vietnam
ERS1142886,ERR1756581,20949_2#48,VNI,VNIa-5,Ashton,Clinical,,Vietnam
ERS2541188,ERR2624161,BMD852,VNI,VNIa-5,Ashton,Clinical,,Vietnam
ERS1142885,ERR1671745,20427_4#17,VNI,VNIa-5,Ashton,Clinical,,Vietnam
ERS1142882,ERR1756579,20949_2#46,VNI,VNIa-5,Ashton,Clinical,,Vietnam
ERS1142893,ERR1756586,20949_2#53,VNI,VNIa-5,Ashton,Clinical,,Vietnam
ERS1142710,ERR1756538,20949_2#5,VNI,VNIa-5,Ashton,Clinical,,Vietnam
ERS2541097,ERR2624454,BMD865,VNI,VNIa-5,Ashton,Clinical,,Vietnam
ERS2541169,ERR2624170,BMD894,VNI,VNIa-5,Ashton,Clinical,,Vietnam
ERS1142880,ERR1671743,20427_4#15,VNI,VNIa-5,Ashton,Clinical,,Vietnam
ERS2541210,ERR2624279,BMD899,VNI,VNIa-5,Ashton,Clinical,,Vietnam
ERS1142894,ERR1756587,20949_2#54,VNI,VNIa-5,Ashton,Clinical,,Vietnam
ERS2541246,ERR2624481,BMD910,VNI,VNIa-5,Ashton,Clinical,,Vietnam
ERS2541381,ERR2624167,CNS_1569,VNI,VNIa-5,Ashton,Clinical,,Laos
ERS542310,ERR842489,14892_1#15,VNI,VNIa-5,Ashton,Clinical,,Vietnam
ERS2541341,ERR2624229,CNS_1396-2,VNI,VNIa-5,Ashton,Clinical,,Laos
ERS1142870,ERR1671735,20427_4#7,VNI,VNIa-5,Ashton,Clinical,,Vietnam
ERS2541207,ERR2624483,BMD3118,VNI,VNIa-5,Ashton,Clinical,,Vietnam
ERS1142735,ERR1756540,20949_2#7,VNI,VNIa-5,Ashton,Clinical,,Vietnam
ERS2541251,ERR2624110,04CN-03-081,VNI,VNIa-5,Ashton,Clinical,,Vietnam
ERS2541129,ERR2624494,BMD1465,VNI,VNIa-5,Ashton,Clinical,,Vietnam
ERS1142734,ERR1671637,20427_2#39,VNI,VNIa-5,Ashton,Clinical,,Vietnam
ERS2541358,ERR2624204,CNS_936,VNI,VNIa-5,Ashton,Clinical,,Laos
ERS1142751,ERR1671652,20427_2#54,VNI,VNIa-5,Ashton,Clinical,,Vietnam
ERS1142754,ERR1671655,20427_2#57,VNI,VNIa-5,Ashton,Clinical,,Vietnam
ERS1142756,ERR1671657,20427_2#59,VNI,VNIa-5,Ashton,Clinical,,Vietnam
ERS542598,ERR852965,15277_3#47,VNI,VNIa-5,Ashton,Environmental,,Vietnam
ERS542586,ERR775391,14893_3#52,VNI,VNIa-5,Ashton,Clinical,,Vietnam
ERS2541335,ERR2624100,BMD101,VNI,VNIa-5,Ashton,Clinical,,Vietnam
ERS542587,ERR775392,14893_3#53,VNI,VNIa-5,Ashton,Clinical,,Vietnam
ERS2541208,ERR2624177,BMD1534,VNI,VNIa-5,Ashton,Clinical,,Vietnam
ERS542321,ERR842496,14892_1#26,VNI,VNIa-5,Ashton,Clinical,,Vietnam
ERS2541240,ERR2624416,BMD1232,VNI,VNIa-5,Ashton,Clinical,,Vietnam
ERS2541258,ERR2624106,BMD1291,VNI,VNIa-5,Ashton,Clinical,,Vietnam
ERS1142725,ERR1671628,20427_2#30,VNI,VNIa-5,Ashton,Clinical,,Vietnam
ERS542392,ERR842634,14936_1#1,VNI,VNIa-5,Ashton,Clinical,,Vietnam
ERS1142896,ERR1764085,20949_2#56,VNI,VNIa-5,Ashton,Clinical,,Vietnam
ERS2541242,ERR2624126,BMD1353,VNI,VNIa-5,Ashton,Clinical,,Vietnam
ERS1142723,ERR1671626,20427_2#28,VNI,VNIa-5,Ashton,Clinical,,Vietnam
ERS542599,ERR775398,14893_3#64,VNI,VNIa-5,Ashton,Environmental,,Vietnam
ERS2541176,ERR2624297,BMD1452,VNI,VNIa-5,Ashton,Clinical,,Vietnam
ERS2541165,ERR2624491,BMD1228,VNI,VNIa-5,Ashton,Clinical,,Vietnam
ERS2541181,ERR2624464,04CN-03-077,VNI,VNIa-5,Ashton,Clinical,,Vietnam
ERS2540974,ERR2624233,04CN-63-033,VNI,VNIa-5,Ashton,Clinical,,Malawi
ERS1142775,ERR1756546,20949_2#13,VNI,VNIa-5,Ashton,Clinical,,Vietnam
ERS542389,ERR842555,14892_1#93,VNI,VNIa-5,Ashton,Clinical,,Vietnam
ERS2541111,ERR2624108,04CN-03-012,VNI,VNIa-5,Ashton,Clinical,,Vietnam
ERS2541088,ERR2624121,04CN-03-014,VNI,VNIa-5,Ashton,Clinical,,Vietnam
ERS1142858,ERR1756570,20949_2#37,VNI,VNIa-5,Ashton,Clinical,,Vietnam
ERS2541249,ERR2624105,04CN-03-016,VNI,VNIa-5,Ashton,Clinical,,Vietnam
ERS542452,ERR842676,14936_1#61,VNI,VNIa-5,Ashton,Clinical,,Vietnam
ERS2541164,ERR2624327,04CN-03-020,VNI,VNIa-5,Ashton,Clinical,,Vietnam
ERS1142853,ERR1756565,20949_2#32,VNI,VNIa-5,Ashton,Clinical,,Vietnam
ERS1142851,ERR1671727,20427_3#57,VNI,VNIa-5,Ashton,Clinical,,Vietnam
ERS542500,ERR842569,14893_1#14,VNI,VNIa-5,Ashton,Clinical,,Vietnam
ERS2541154,ERR2624502,04CN-03-021,VNI,VNIa-5,Ashton,Clinical,,Vietnam
ERS2541334,ERR2624124,04CN-03-022,VNI,VNIa-5,Ashton,Clinical,,Vietnam
ERS1142845,ERR1671721,20427_3#51,VNI,VNIa-5,Ashton,Clinical,,Vietnam
ERS1142844,ERR1671720,20427_3#50,VNI,VNIa-5,Ashton,Clinical,,Vietnam
ERS2541115,ERR2624401,04CN-03-024,VNI,VNIa-5,Ashton,Clinical,,Vietnam
ERS1142839,ERR1671715,20427_3#45,VNI,VNIa-5,Ashton,Clinical,,Vietnam
ERS1142836,ERR1671712,20427_3#42,VNI,VNIa-5,Ashton,Clinical,,Vietnam
ERS1142832,ERR1671709,20427_3#39,VNI,VNIa-5,Ashton,Clinical,,Vietnam
ERS2541212,ERR2624354,04CN-03-039,VNI,VNIa-5,Ashton,Clinical,,Vietnam
ERS542537,ERR842600,14893_1#49,VNI,VNIa-5,Ashton,Clinical,,Vietnam
ERS2541326,ERR2624169,04CN-03-009,VNI,VNIa-5,Ashton,Clinical,,Vietnam
ERS1142866,ERR1671733,20427_4#5,VNI,VNIa-5,Ashton,Clinical,,Vietnam
ERS1142705,ERR1671612,20427_2#14,VNI,VNIa-5,Ashton,Clinical,,Vietnam
ERS1142821,ERR1671701,20427_3#31,VNI,VNIa-5,Ashton,Clinical,,Vietnam
ERS542489,ERR842559,14893_1#3,VNI,VNIa-5,Ashton,Clinical,,Vietnam
ERS1142701,ERR1671608,20427_2#10,VNI,VNIa-5,Ashton,Clinical,,Vietnam
ERS542490,ERR842560,14893_1#4,VNI,VNIa-5,Ashton,Clinical,,Vietnam
ERS2541178,ERR2624138,04CN-03-051,VNI,VNIa-5,Ashton,Clinical,,Vietnam
ERS1142804,ERR1756557,20949_2#24,VNI,VNIa-5,Ashton,Clinical,,Vietnam
ERS1142816,ERR1671697,20427_3#27,VNI,VNIa-5,Ashton,Clinical,,Vietnam
ERS542341,ERR842511,14892_1#45,VNI,VNIa-5,Ashton,Clinical,,Vietnam
ERS1142812,ERR1671694,20427_3#24,VNI,VNIa-5,Ashton,Clinical,,Vietnam
ERS542501,ERR842570,14893_1#15,VNI,VNIa-5,Ashton,Clinical,,Vietnam
ERS1142811,ERR1671693,20427_3#23,VNI,VNIa-5,Ashton,Clinical,,Vietnam
ERS1142805,ERR1756558,20949_2#25,VNI,VNIa-5,Ashton,Clinical,,Vietnam
ERS1142795,ERR1671685,20427_3#15,VNI,VNIa-5,Ashton,Clinical,,Vietnam
ERS1142803,ERR1756556,20949_2#23,VNI,VNIa-5,Ashton,Clinical,,Vietnam
ERS1142802,ERR1671689,20427_3#19,VNI,VNIa-5,Ashton,Clinical,,Vietnam
ERS542496,ERR842565,14893_1#10,VNI,VNIa-5,Ashton,Clinical,,Vietnam
ERS1142799,ERR1671687,20427_3#17,VNI,VNIa-5,Ashton,Clinical,,Vietnam
ERS1142825,ERR1671703,20427_3#33,VNI,VNIa-5,Ashton,Clinical,,Vietnam
ERS1142856,ERR1756568,20949_2#35,VNI,VNIa-5,Ashton,Clinical,,Vietnam
ERS1142702,ERR1671609,20427_2#11,VNI,VNIa-5,Ashton,Clinical,,Vietnam
ERS1142807,ERR1671691,20427_3#21,VNI,VNIa-5,Ashton,Clinical,,Vietnam
ERS2541331,ERR2624393,04CN-03-047,VNI,VNIa-5,Ashton,Clinical,,Vietnam
ERS2541138,ERR2624176,04CN-03-053,VNI,VNIa-5,Ashton,Clinical,,Vietnam
ERS2541142,ERR2624234,04CN-03-089,VNI,VNIa-5,Ashton,Clinical,,Vietnam
ERS2540963,ERR2624277,04CN-65-013,VNI,VNIa-5,Ashton,Clinical,,Uganda
ERS2541317,ERR2624122,04CN-64-090,VNI,VNIa-5,Ashton,Clinical,,Uganda
ERS2541032,ERR2624497,04CN-64-136,VNI,VNIa-5,Ashton,Clinical,,Uganda
ERS542398,ERR842639,14936_1#7,VNI,VNIa-5,Ashton,Clinical,,Vietnam
ERS2541232,ERR2624332,04CN-03-099,VNI,VNIa-5,Ashton,Clinical,,Vietnam
ERS1142793,ERR1671683,20427_3#13,VNI,VNIa-5,Ashton,Clinical,,Vietnam
ERS2541271,ERR2624303,04CN-03-094,VNI,VNIa-5,Ashton,Clinical,,Vietnam
ERS2541150,ERR2624388,04CN-03-058,VNI,VNIa-5,Ashton,Clinical,,Vietnam
ERS542442,ERR842668,14936_1#51,VNI,VNIa-5,Ashton,Clinical,,Vietnam
ERS2541069,ERR2624272,04CN-65-018,VNI,VNIa-5,Ashton,Clinical,,Uganda
ERS1142787,ERR1671678,20427_3#8,VNI,VNIa-5,Ashton,Clinical,,Vietnam
ERS2541234,ERR2624489,04CN-03-063,VNI,VNIa-5,Ashton,Clinical,,Vietnam
ERS2541229,ERR2624125,04CN-03-069,VNI,VNIa-5,Ashton,Clinical,,Vietnam
ERS542301,ERR842481,14892_1#6,VNI,VNIa-5,Ashton,Clinical,,Vietnam
ERS542578,ERR842628,14893_1#90,VNI,VNIa-5,Ashton,Clinical,,Vietnam
ERS1142781,ERR1756550,20949_2#17,VNI,VNIa-5,Ashton,Clinical,,Vietnam
ERS2541211,ERR2624155,04CN-03-073,VNI,VNIa-5,Ashton,Clinical,,Vietnam
ERS1142778,ERR1756548,20949_2#15,VNI,VNIa-5,Ashton,Clinical,,Vietnam
ERS1142777,ERR1671672,20427_3#2,VNI,VNIa-5,Ashton,Clinical,,Vietnam
ERS1142776,ERR1756547,20949_2#14,VNI,VNIa-5,Ashton,Clinical,,Vietnam
ERS542440,ERR842666,14936_1#49,VNI,VNIa-5,Ashton,Clinical,,Vietnam
ERS2541194,ERR2624199,04CN-03-076,VNI,VNIa-5,Ashton,Clinical,,Vietnam
ERS2540999,ERR2624231,04CN-64-037,VNI,VNIa-5,Ashton,Clinical,,Uganda
ERS2540993,ERR2624159,04CN-64-014,VNI,VNIa-5,Ashton,Clinical,,Uganda
ERS542451,ERR842675,14936_1#60,VNI,VNIa-5,Ashton,Clinical,,Vietnam
ERS542400,ERR842640,14936_1#9,VNI,VNIa-5,Ashton,Clinical,,Vietnam
ERS542397,ERR842638,14936_1#6,VNI,VNIa-5,Ashton,Clinical,,Vietnam
ERS2541084,ERR2624128,04CN-03-102,VNI,VNIa-5,Ashton,Clinical,,Vietnam
ERS2541236,ERR2624197,04CN-11-004,VNI,VNIa-5,Ashton,Clinical,,Vietnam
ERS2541238,ERR2624363,04CN-11-009,VNI,VNIa-5,Ashton,Clinical,,Vietnam
ERS2541124,ERR2624290,04CN-11-020,VNI,VNIa-5,Ashton,Clinical,,Vietnam
ERS2541083,ERR2624338,04CN-11-021,VNI,VNIa-5,Ashton,Clinical,,Vietnam
ERS2541215,ERR2624312,04CN-11-022,VNI,VNIa-5,Ashton,Clinical,,Vietnam
ERS2541304,ERR2624219,04CN-65-056,VNI,VNIa-5,Ashton,Clinical,,Uganda
ERS2541182,ERR2624322,04CN-20-006,VNI,VNIa-5,Ashton,Clinical,,Vietnam
ERS2541172,ERR2624398,04CN-30-019,VNI,VNIa-5,Ashton,Clinical,,Laos
ERS2541319,ERR2624470,04CN-32-042,VNI,VNIa-5,Ashton,Clinical,,Thailand
ERS2541290,ERR2624271,04CN-32-053,VNI,VNIa-5,Ashton,Clinical,,Thailand
ERS2540949,ERR2624103,04CN-33-068,VNI,VNIa-5,Ashton,Clinical,,Thailand
ERS2540957,ERR2624251,04CN-33-094,VNI,VNIa-5,Ashton,Clinical,,Thailand
ERS2541054,ERR2624245,04CN-63-002,VNI,VNIa-5,Ashton,Clinical,,Malawi
ERS2540970,ERR2624493,04CN-63-008,VNI,VNIa-5,Ashton,Clinical,,Malawi
ERS1142888,ERR1671746,20427_4#18,VNI,VNIa-5,Ashton,Clinical,,Vietnam
ERS1142867,ERR1756574,20949_2#41,VNI,VNIa-5,Ashton,Clinical,,Vietnam
ERS2541167,ERR2624134,04CN-30-016,VNI,VNIa-5,Ashton,Clinical,,Laos
ERS2541081,ERR2624339,BMD867,VNI,VNIa-5,Ashton,Clinical,,Vietnam
SRS881237,SRR1926039,NRHc5025.ENR.CLIN.1,VNI,VNIa-5,Desjardins,Clinical,α,Botswana
ERS2541183,ERR2624345,BMD494,VNI,VNIa-5,Ashton,Clinical,,Vietnam
SRS404772,SRR798191,Bt141,VNI,VNIa-5,Desjardins,Clinical,α,Botswana
ERS542590,ERR775395,14893_3#56,VNI,VNIa-5,Ashton,Clinical,,Vietnam
SRS404518,SRR797810,Bt134,VNI,VNIa-5,Desjardins,Clinical,α,Botswana
SRS405109,SRR798819,Bt92,VNI,VNIa-5,Desjardins,Clinical,α,Botswana
SRS404481,SRR797754,Bt139,VNI,VNIa-5,Desjardins,Clinical,α,Botswana
SRS404466,SRR797733,Jo278-1,VNI,VNIa-5,Desjardins,Environmental,α,S. Africa
SRS417573,SRR836547,AD1-86a,VNI,VNIa-5,Desjardins,Clinical,α,France
SRS404443,SRR798290,A5-35-17,VNI,VNIa-5,Desjardins,Environmental,α,USA
SRS409063,SRR642859,AD1-83a,VNI,VNIa-5,Desjardins,Clinical,α,France
SRS417578,SRR836581,AD2-82a,VNI,VNIa-5,Desjardins,Clinical,α,France
SRS409175,SRR642854,CHC193,VNI,VNIa-5,Desjardins,Clinical,α,China
SRS409059,SRR642860,C8,VNI,VNIa-5,Desjardins,Clinical,α,USA
SRS417596,SRR836666,AD5-53a,VNI,VNIa-5,Desjardins,Clinical,α,France
SRS417643,SRR836898,Jp1088,VNI,VNIa-5,Desjardins,Clinical,α,Japan
SRS409064,SRR642220,MW-RSA1955,VNI,VNIa-5,Desjardins,Clinical,α,S. Africa
ERS2541086,ERR2624377,BMD3244,VNI,VNIa-5,Ashton,Clinical,,Vietnam
ERS1142890,ERR1756583,20949_2#50,VNI,VNIa-5,Ashton,Clinical,,Vietnam
ERS1142708,ERR1756537,20949_2#4,VNI,VNIa-5,Ashton,Clinical,,Vietnam
ERS1142899,ERR1756590,20949_2#58,VNI,VNIa-5,Ashton,Clinical,,Vietnam
ERS1142692,ERR1671599,20427_2#1,VNI,VNIa-5,Ashton,Clinical,,Vietnam
ERS2541220,ERR2624495,BMD368,VNI,VNIa-5,Ashton,Clinical,,Vietnam
ERS2541126,ERR2624423,BMD3144,VNI,VNIa-5,Ashton,Clinical,,Vietnam
ERS1142889,ERR1671747,20427_4#19,VNI,VNIa-5,Ashton,Clinical,,Vietnam
ERS2541284,ERR2624112,BMD3135,VNI,VNIa-5,Ashton,Clinical,,Vietnam
ERS1142892,ERR1756585,20949_2#52,VNI,VNIa-5,Ashton,Clinical,,Vietnam
ERS542334,ERR842505,14892_1#38,VNI,VNIa-5,Ashton,Clinical,,Vietnam
ERS2541202,ERR2624417,BMD534,VNI,VNIa-5,Ashton,Clinical,,Vietnam
ERS2541018,ERR2624225,04CN-64-128,VNI,VNIa-93,Ashton,Clinical,,Uganda
ERS2540956,ERR2624265,04CN-63-009,VNI,VNIa-93,Ashton,Clinical,,Malawi
ERS2540989,ERR2624447,04CN-64-030,VNI,VNIa-93,Ashton,Clinical,,Uganda
ERS2541363,ERR2624287,CNS_811,VNI,VNIa-93,Ashton,Clinical,,Laos
ERS2541038,ERR2624288,04CN-64-028,VNI,VNIa-93,Ashton,Clinical,,Uganda
ERS2541067,ERR2624463,04CN-64-007,VNI,VNIa-93,Ashton,Clinical,,Uganda
ERS2541075,ERR2624499,04CN-64-001,VNI,VNIa-93,Ashton,Clinical,,Uganda
ERS2540951,ERR2624384,04CN-64-024,VNI,VNIa-93,Ashton,Clinical,,Uganda
ERS1142868,ERR1671734,20427_4#6,VNI,VNIa-93,Ashton,Clinical,,Vietnam
ERS2540980,ERR2624369,04CN-64-011,VNI,VNIa-93,Ashton,Clinical,,Uganda
ERS2541022,ERR2624115,04CN-64-008,VNI,VNIa-93,Ashton,Clinical,,Uganda
ERS2540988,ERR2624192,04CN-64-027,VNI,VNIa-93,Ashton,Clinical,,Uganda
ERS2540934,ERR2624490,04CN-64-046,VNI,VNIa-93,Ashton,Clinical,,Uganda
ERS1142881,ERR1756578,20949_2#45,VNI,VNIa-93,Ashton,Clinical,,Vietnam
ERS2540979,ERR2624421,04CN-63-024,VNI,VNIa-93,Ashton,Clinical,,Malawi
ERS2540935,ERR2624334,04CN-65-103,VNI,VNIa-93,Ashton,Clinical,,Uganda
ERS2540959,ERR2624349,04CN-65-108,VNI,VNIa-93,Ashton,Clinical,,Uganda
ERS2541055,ERR2624281,04CN-65-127,VNI,VNIa-93,Ashton,Clinical,,Uganda
ERS2541072,ERR2624264,04CN-65-131,VNI,VNIa-93,Ashton,Clinical,,Uganda
ERS2540981,ERR2624267,04CN-65-134,VNI,VNIa-93,Ashton,Clinical,,Uganda
ERS2541035,ERR2624380,04CN-65-135,VNI,VNIa-93,Ashton,Clinical,,Uganda
ERS2540947,ERR2624357,04CN-65-137,VNI,VNIa-93,Ashton,Clinical,,Uganda
ERS2541036,ERR2624456,04CN-65-141,VNI,VNIa-93,Ashton,Clinical,,Uganda
ERS2540978,ERR2624215,04CN-65-142,VNI,VNIa-93,Ashton,Clinical,,Uganda
ERS2540928,ERR2624344,04CN-65-163,VNI,VNIa-93,Ashton,Clinical,,Uganda
ERS2541320,ERR2624482,04CN-65-164,VNI,VNIa-93,Ashton,Clinical,,Uganda
ERS2540923,ERR2624383,04CN-65-165,VNI,VNIa-93,Ashton,Clinical,,Uganda
ERS2540996,ERR2624252,04CN-65-166,VNI,VNIa-93,Ashton,Clinical,,Uganda
ERS2541024,ERR2624230,04CN-65-167,VNI,VNIa-93,Ashton,Clinical,,Uganda
ERS1142759,ERR1671660,20427_2#62,VNI,VNIa-93,Ashton,Clinical,,Vietnam
ERS1142876,ERR1756577,20949_2#44,VNI,VNIa-93,Ashton,Clinical,,Vietnam
ERS542527,ERR842593,14893_1#40,VNI,VNIa-93,Ashton,Clinical,,Vietnam
ERS1142857,ERR1756569,20949_2#36,VNI,VNIa-93,Ashton,Clinical,,Vietnam
ERS2540952,ERR2624308,04CN-63-023,VNI,VNIa-93,Ashton,Clinical,,Malawi
ERS2540962,ERR2624118,04CN-63-001,VNI,VNIa-93,Ashton,Clinical,,Malawi
ERS2540994,ERR2624280,04CN-64-033,VNI,VNIa-93,Ashton,Clinical,,Uganda
ERS2541066,ERR2624360,04CN-64-078,VNI,VNIa-93,Ashton,Clinical,,Uganda
ERS2541041,ERR2624400,04CN-64-077,VNI,VNIa-93,Ashton,Clinical,,Uganda
ERS2541196,ERR2624411,04CN-03-062,VNI,VNIa-93,Ashton,Clinical,,Vietnam
ERS2541021,ERR2624352,04CN-64-099,VNI,VNIa-93,Ashton,Clinical,,Uganda
ERS2540968,ERR2624131,04CN-64-039,VNI,VNIa-93,Ashton,Clinical,,Uganda
ERS2540984,ERR2624240,04CN-64-105,VNI,VNIa-93,Ashton,Clinical,,Uganda
ERS2541313,ERR2624262,04CN-64-076,VNI,VNIa-93,Ashton,Clinical,,Uganda
SRS417657,SRR836978,RTC1,VNI,VNIa-93,Desjardins,Clinical,α,Botswana
ERS2540933,ERR2624142,04CN-64-100,VNI,VNIa-93,Ashton,Clinical,,Uganda
ERS2541064,ERR2624174,04CN-64-075,VNI,VNIa-93,Ashton,Clinical,,Uganda
ERS2541044,ERR2624414,04CN-64-074,VNI,VNIa-93,Ashton,Clinical,,Uganda
ERS2541045,ERR2624209,04CN-64-069,VNI,VNIa-93,Ashton,Clinical,,Uganda
ERS2541061,ERR2624166,04CN-64-088,VNI,VNIa-93,Ashton,Clinical,,Uganda
ERS2540977,ERR2624292,04CN-64-080,VNI,VNIa-93,Ashton,Clinical,,Uganda
ERS2541039,ERR2624399,04CN-64-067,VNI,VNIa-93,Ashton,Clinical,,Uganda
ERS2540960,ERR2624371,04CN-64-041,VNI,VNIa-93,Ashton,Clinical,,Uganda
ERS2541336,ERR2624173,04CN-64-042,VNI,VNIa-93,Ashton,Clinical,,Uganda
ERS2540966,ERR2624324,04CN-64-047,VNI,VNIa-93,Ashton,Clinical,,Uganda
ERS2540998,ERR2624284,04CN-63-022,VNI,VNIa-93,Ashton,Clinical,,Malawi
ERS2541073,ERR2624208,04CN-64-089,VNI,VNIa-93,Ashton,Clinical,,Uganda
ERS2540969,ERR2624425,04CN-64-101,VNI,VNIa-93,Ashton,Clinical,,Uganda
ERS2541147,ERR2624091,04CN-03-072,VNI,VNIa-93,Ashton,Clinical,,Vietnam
ERS2540987,ERR2624226,04CN-64-064,VNI,VNIa-93,Ashton,Clinical,,Uganda
ERS2541140,ERR2624149,04CN-11-013,VNI,VNIa-93,Ashton,Clinical,,Vietnam
SRS417572,SRR836540,AD1-68a,VNI,VNIa-93,Desjardins,Clinical,α,France
ERS2540961,ERR2624286,04CN-64-048,VNI,VNIa-93,Ashton,Clinical,,Uganda
ERS2541121,ERR2624188,04CN-03-050,VNI,VNIa-93,Ashton,Clinical,,Vietnam
ERS2541113,ERR2624117,04CN-03-101,VNI,VNIa-93,Ashton,Clinical,,Vietnam
ERS2541324,ERR2624315,04CN-65-102,VNI,VNIa-93,Ashton,Clinical,,Uganda
SRS417576,SRR836564,AD2-04a,VNI,VNIa-93,Desjardins,Clinical,α,France
ERS2541270,ERR2624474,04CN-03-036,VNI,VNIa-93,Ashton,Clinical,,Vietnam
ERS2541136,ERR2624120,04CN-03-038,VNI,VNIa-93,Ashton,Clinical,,Vietnam
ERS2540932,ERR2624385,04CN-64-117,VNI,VNIa-93,Ashton,Clinical,,Uganda
ERS2541184,ERR2624258,04CN-03-049,VNI,VNIa-93,Ashton,Clinical,,Vietnam
ERS2541008,ERR2624442,04CN-64-032,VNI,VNIa-93,Ashton,Clinical,,Uganda
ERS2541371,ERR2624296,CNS_487,VNI,VNIa-93,Ashton,Clinical,,Laos
ERS2540941,ERR2624307,04CN-64-068,VNI,VNIa-93,Ashton,Clinical,,Uganda
SRS417591,SRR836636,AD4-63a,VNI,VNIa-93,Desjardins,Clinical,α,France
SRS417603,SRR836654,AD5-39a,VNI,VNIa-93,Desjardins,Clinical,α,France
ERS2541333,ERR2624382,04CN-65-100,VNI,VNIa-93,Ashton,Clinical,,Uganda
ERS542453,ERR842677,14936_1#62,VNI,VNIa-93,Ashton,Clinical,,Vietnam
ERS1142706,ERR1756536,20949_2#3,VNI,VNIa-93,Ashton,Clinical,,Vietnam
ERS2541071,ERR2624468,04CN-65-044,VNI,VNIa-93,Ashton,Clinical,,Uganda
ERS2541058,ERR2624092,04CN-65-043,VNI,VNIa-93,Ashton,Clinical,,Uganda
ERS2541029,ERR2624358,04CN-65-038,VNI,VNIa-93,Ashton,Clinical,,Uganda
ERS2541047,ERR2624210,04CN-65-049,VNI,VNIa-93,Ashton,Clinical,,Uganda
ERS2541003,ERR2624418,04CN-65-098,VNI,VNIa-93,Ashton,Clinical,,Uganda
ERS2540926,ERR2624217,04CN-65-005,VNI,VNIa-93,Ashton,Clinical,,Uganda
ERS2541001,ERR2624361,04CN-65-035,VNI,VNIa-93,Ashton,Clinical,,Uganda
ERS2541046,ERR2624184,04CN-65-030,VNI,VNIa-93,Ashton,Clinical,,Uganda
ERS2540985,ERR2624476,04CN-65-007,VNI,VNIa-93,Ashton,Clinical,,Uganda
ERS2541040,ERR2624484,04CN-65-024,VNI,VNIa-93,Ashton,Clinical,,Uganda
SRS409113,SRR642863,Br795,VNI,VNIa-93,Desjardins,Clinical,α,Brazil
ERS2540983,ERR2624294,04CN-65-008,VNI,VNIa-93,Ashton,Clinical,,Uganda
ERS2540991,ERR2624253,04CN-65-017,VNI,VNIa-93,Ashton,Clinical,,Uganda
ERS2541034,ERR2624353,04CN-65-004,VNI,VNIa-93,Ashton,Clinical,,Uganda
ERS2540942,ERR2624172,04CN-65-054,VNI,VNIa-93,Ashton,Clinical,,Uganda
ERS2540924,ERR2624492,04CN-65-040,VNI,VNIa-93,Ashton,Clinical,,Uganda
ERS2541068,ERR2624446,04CN-64-138,VNI,VNIa-93,Ashton,Clinical,,Uganda
ERS1142859,ERR1756571,20949_2#38,VNI,VNIa-93,Ashton,Clinical,,Vietnam
ERS2541311,ERR2624205,04CN-65-086,VNI,VNIa-93,Ashton,Clinical,,Uganda
ERS2541059,ERR2624323,04CN-65-085,VNI,VNIa-93,Ashton,Clinical,,Uganda
ERS2541310,ERR2624147,04CN-65-080,VNI,VNIa-93,Ashton,Clinical,,Uganda
ERS2541023,ERR2624141,04CN-65-059,VNI,VNIa-93,Ashton,Clinical,,Uganda
ERS1142860,ERR1756572,20949_2#39,VNI,VNIa-93,Ashton,Clinical,,Vietnam
ERS2540958,ERR2624438,04CN-64-134,VNI,VNIa-93,Ashton,Clinical,,Uganda
ERS2541329,ERR2624109,04CN-65-016,VNI,VNIa-93,Ashton,Clinical,,Uganda
ERS2540938,ERR2624189,04CN-65-071,VNI,VNIa-93,Ashton,Clinical,,Uganda
ERS1142872,ERR1756576,20949_2#43,VNI,VNIa-93,Ashton,Clinical,,Vietnam
ERS2541053,ERR2624458,04CN-65-064,VNI,VNIa-93,Ashton,Clinical,,Uganda
ERS2541309,ERR2624212,04CN-65-070,VNI,VNIa-93,Ashton,Clinical,,Uganda
ERS2541065,ERR2624469,04CN-65-002,VNI,VNIa-93,Ashton,Clinical,,Uganda
ERS2540986,ERR2624214,04CN-65-001,VNI,VNIa-93,Ashton,Clinical,,Uganda
ERS2540995,ERR2624403,04CN-65-003,VNI,VNIa-93,Ashton,Clinical,,Uganda
ERS2541159,ERR2624314,BMD2620,VNI,VNIa-93,Ashton,Clinical,,Vietnam
ERS542429,ERR842658,14936_1#38,VNI,VNIa-93,Ashton,Clinical,,Vietnam
ERS2540927,ERR2624095,04CN-65-095,VNI,VNIa-93,Ashton,Clinical,,Uganda
ERS542434,ERR842661,14936_1#43,VNI,VNIa-93,Ashton,Clinical,,Vietnam
ERS2541000,ERR2624193,04CN-64-129,VNI,VNIa-93,Ashton,Clinical,,Uganda
ERS2541028,ERR2624465,04CN-64-150,VNI,VNIa-93,Ashton,Clinical,,Uganda
ERS1142824,ERR1756562,20949_2#29,VNI,VNIa-93,Ashton,Clinical,,Vietnam
ERS1142785,ERR1671676,20427_3#6,VNI,VNIa-93,Ashton,Clinical,,Vietnam
ERS1142820,ERR1756561,20949_2#28,VNI,VNIa-93,Ashton,Clinical,,Vietnam
ERS1142798,ERR1756554,20949_2#21,VNI,VNIa-93,Ashton,Clinical,,Vietnam
ERS542336,ERR842507,14892_1#40,VNI,VNIa-93,Ashton,Clinical,,Vietnam
ERS1142791,ERR1671682,20427_3#12,VNI,VNIa-93,Ashton,Clinical,,Vietnam
ERS1142704,ERR1671611,20427_2#13,VNI,VNIa-93,Ashton,Clinical,,Vietnam
ERS1142761,ERR1671662,20427_2#64,VNI,VNIa-93,Ashton,Clinical,,Vietnam
SRS404773,SRR798197,Bt119,VNI,VNIa-93,Desjardins,Clinical,α,Botswana
ERS1142846,ERR1671722,20427_3#52,VNI,VNIa-93,Ashton,Clinical,,Vietnam
ERS1142774,ERR1756545,20949_2#12,VNI,VNIa-93,Ashton,Clinical,,Vietnam
ERS1142769,ERR1671668,20427_2#70,VNI,VNIa-93,Ashton,Clinical,,Vietnam
ERS542436,ERR842663,14936_1#45,VNI,VNIa-93,Ashton,Clinical,,Vietnam
ERS1142768,ERR1671667,20427_2#69,VNI,VNIa-93,Ashton,Clinical,,Vietnam
ERS1142788,ERR1671679,20427_3#9,VNI,VNIa-93,Ashton,Clinical,,Vietnam
ERS2541012,ERR2624387,04CN-65-091,VNI,VNIa-93,Ashton,Clinical,,Uganda
ERS1142731,ERR1671634,20427_2#36,VNI,VNIa-93,Ashton,Clinical,,Vietnam
ERS2541063,ERR2624501,04CN-64-061,VNI,VNIa-93,Ashton,Clinical,,Uganda
SRS404490,SRR797765,Bt3,VNI,VNIa-93,Desjardins,Clinical,α,Botswana
ERS1142840,ERR1671716,20427_3#46,VNI,VNIa-93,Ashton,Clinical,,Vietnam
ERS2541043,ERR2624329,04CN-65-089,VNI,VNIa-93,Ashton,Clinical,,Uganda
ERS1142831,ERR1671708,20427_3#38,VNI,VNIa-93,Ashton,Clinical,,Vietnam
ERS1142743,ERR1671644,20427_2#46,VNI,VNIa-93,Ashton,Clinical,,Vietnam
ERS1142707,ERR1671613,20427_2#15,VNI,VNIa-93,Ashton,Clinical,,Vietnam
ERS2541031,ERR2624148,04CN-64-059,VNI,VNIa-93,Ashton,Clinical,,Uganda
ERS1142697,ERR1671604,20427_2#6,VNI,VNIa-93,Ashton,Clinical,,Vietnam
SRS404457,SRR797723,Bt212,VNI,VNIa-X,Desjardins,Clinical,α,Botswana
SRS405102,SRR798703,MW-RSA5387,VNI,VNIa-X,Desjardins,Clinical,α,S. Africa
ERS2540944,ERR2624448,04CN-63-007,VNI,VNIa-X,Ashton,Clinical,,Malawi
SRS405148,SRR798957,Bt58,VNI,VNIa-X,Desjardins,Clinical,α,Botswana
ERS2540965,ERR2624236,04CN-63-037,VNI,VNIa-X,Ashton,Clinical,,Malawi
ERS2540964,ERR2624331,04CN-65-027,VNI,VNIa-X,Ashton,Clinical,,Uganda
ERS2541019,ERR2624350,04CN-65-130,VNI,VNIa-X,Ashton,Clinical,,Uganda
SRS403287,SRR642858,Gb118,VNI,VNIa-X,Desjardins,Environmental,α,Botswana
SRS409177,SRR642862,MW-RSA36,VNI,VNIa-X,Desjardins,Clinical,α,S. Africa
SRS405144,SRR798853,Bt48,VNI,VNIa-X,Desjardins,Clinical,α,Botswana
ERS2541051,ERR2624171,04CN-65-032,VNI,VNIa-X,Ashton,Clinical,,Uganda
ERS1142833,ERR1671710,20427_3#40,VNI,VNIa-X,Ashton,Clinical,,Vietnam
ERS2540971,ERR2624238,04CN-63-012,VNI,VNIa-Y,Ashton,Clinical,,Malawi
ERS2541033,ERR2624268,04CN-65-010,VNI,VNIa-Y,Ashton,Clinical,,Uganda
ERS2540973,ERR2624317,04CN-65-006,VNI,VNIa-Y,Ashton,Clinical,,Uganda
ERS2540922,ERR2624186,04CN-64-053,VNI,VNIa-Y,Ashton,Clinical,,Uganda
ERS2541030,ERR2624300,04CN-64-116,VNI,VNIa-Y,Ashton,Clinical,,Uganda
ERS2540943,ERR2624202,04CN-65-073,VNI,VNIa-Y,Ashton,Clinical,,Uganda
ERS2541017,ERR2624306,04CN-64-093,VNI,VNIa-Y,Ashton,Clinical,,Uganda
ERS2541308,ERR2624191,04CN-64-081,VNI,VNIa-Y,Ashton,Clinical,,Uganda
SRS881156,SRR1925894,NRHc5044.REL.INI.CLIN.ISO,VNI,VNIa-Y,Desjardins,Clinical,α,Botswana
SRS417614,SRR836772,Bt138,VNI,VNIa-Y,Desjardins,Clinical,α,Botswana
SRS881170,SRR1925911,NRHc5036.ENR,VNI,VNIa-Y,Desjardins,Clinical,α,Botswana
SRS885889,SRR1943005,PMHc1039.ENR.STOR,VNI,VNIa-Y,Desjardins,Clinical,α,Botswana
SRS404753,SRR798697,Bt6,VNI,VNIa-Y,Desjardins,Clinical,α,Botswana
SRS404745,SRR798140,Bt18,VNI,VNIa-Y,Desjardins,Clinical,α,Botswana
SRS885174,SRR1931699,NRHc5010.ENR,VNI,VNIa-outlier,Desjardins,Clinical,α,Botswana
SRS885884,SRR1942988,PMHc1040.ENR.STOR,VNI,VNIa-outlier,Desjardins,Clinical,α,Botswana
ERS1142786,ERR1671677,20427_3#7,VNI,VNIa-outlier,Ashton,Clinical,,Vietnam
ERS2541005,ERR2624216,04CN-64-029,VNI,VNIa-outlier,Ashton,Clinical,,Uganda
ERS2541062,ERR2624504,04CN-65-046,VNI,VNIa-outlier,Ashton,Clinical,,Uganda
ERS2541009,ERR2624466,04CN-64-127,VNI,VNIa-outlier,Ashton,Clinical,,Uganda
ERS2541052,ERR2624270,04CN-64-097,VNI,VNIa-outlier,Ashton,Clinical,,Uganda
ERS2541057,ERR2624237,04CN-65-023,VNI,VNIa-outlier,Ashton,Clinical,,Uganda
SRS409060,SRR642223,A2-102-5,VNI,VNIa-outlier,Desjardins,Environmental,α,USA
SRS404740,SRR798138,LP-RSA2296,VNI,VNIa-outlier,Desjardins,Clinical,α,S. Africa
SRS409076,SRR642856,Tu259-1,VNI,VNIa-outlier,Desjardins,Environmental,α,Botswana
SRS409781,SRR642847,D17-1,VNI,VNIa-outlier,Desjardins,Environmental,α,S. Africa
SRS404494,SRR797778,Tu241-1,VNI,VNIa-outlier,Desjardins,Environmental,α,Botswana
SRS885172,SRR1931698,NRHc5028.ENR.STOR,VNI,VNIa-outlier,Desjardins,Clinical,α,Botswana
SRS409479,SRR642853,125.91,VNI,VNIa-outlier,Desjardins,Clinical,a,Tanzania
SRS404513,SRR798677,MW-RSA722,VNI,VNIb,Desjardins,Clinical,α,S. Africa
SRS404496,SRR798211,A3-1-1,VNI,VNIb,Desjardins,Environmental,α,USA
SRS520185,SRR1063288,TCl-14,VNI,VNIb,Desjardins,Clinical,α,Togo
ERS2541013,ERR2624367,04CN-65-047,VNI,VNIb,Ashton,Clinical,,Uganda
SRS404761,SRR798870,MW-RSA606,VNI,VNIb,Desjardins,Clinical,α,S. Africa
SRS404793,SRR798242,MW-RSA6134,VNI,VNIb,Desjardins,Clinical,α,S. Africa
SRS404795,SRR798243,MW-RSA82,VNI,VNIb,Desjardins,Clinical,α,S. Africa
SRS404803,SRR798269,MW-RSA1869,VNI,VNIb,Desjardins,Clinical,α,S. Africa
SRS404479,SRR797807,WM148,VNI,VNIb,Desjardins,Clinical,α,Australia
SRS404462,SRR798691,A1-35-8,VNI,VNIb,Desjardins,Environmental,α,USA
SRS409058,SRR642849,AD2-60a,VNI,VNIb,Desjardins,Clinical,α,France
SRS404452,SRR798582,MW-RSA2628,VNI,VNIb,Desjardins,Clinical,α,S. Africa
SRS409478,SRR642855,AD1-7a,VNI,VNIb,Desjardins,Clinical,α,France
SRS409482,SRR642845,C23,VNI,VNIb,Desjardins,Clinical,α,USA
SRS405099,SRR798587,A3-38-20,VNI,VNIb,Desjardins,Environmental,α,USA
ERS1142695,ERR1671602,20427_2#4,VNI,VNIb,Ashton,Clinical,,Vietnam
ERS2541077,ERR2624477,04CN-65-132,VNI,VNIb,Ashton,Clinical,,Uganda
ERS2540992,ERR2624183,04CN-65-125,VNI,VNIb,Ashton,Clinical,,Uganda
ERS2541316,ERR2624097,04CN-65-087,VNI,VNIb,Ashton,Clinical,,Uganda
ERS2541014,ERR2624275,04CN-65-096,VNI,VNIb,Ashton,Clinical,,Uganda
ERS2541002,ERR2624181,04CN-65-074,VNI,VNIb,Ashton,Clinical,,Uganda
ERS2541006,ERR2624429,04CN-64-019,VNI,VNIb,Ashton,Clinical,,Uganda
ERS2541007,ERR2624196,04CN-65-045,VNI,VNIb,Ashton,Clinical,,Uganda
SRS404456,SRR797737,IUM-96-28-28,VNI,VNIb,Desjardins,Environmental,a,Italy
SRS405116,SRR798667,A4-1-12,VNI,VNIb,Desjardins,Environmental,α,USA
SRS404516,SRR797808,Bt49,VNI,VNIb,Desjardins,Clinical,α,Botswana
ERS2541056,ERR2624337,04CN-65-062,VNI,VNIb,Ashton,Clinical,,Uganda
SRS417581,SRR836599,AD3-41a,VNI,VNIb,Desjardins,Clinical,α,France
SRS417586,SRR836588,AD2-99a,VNI,VNIb,Desjardins,Clinical,α,France
SRS417577,SRR836570,AD2-6a,VNI,VNIb,Desjardins,Clinical,α,France
SRS417575,SRR836558,AD1-95a,VNI,VNIb,Desjardins,Clinical,α,France
SRS417585,SRR836610,AD3-58,VNI,VNIb,Desjardins,Clinical,α,France
SRS417583,SRR836557,AD1-90a,VNI,VNIb,Desjardins,Clinical,α,France
SRS417587,SRR836615,AD3-83a,VNI,VNIb,Desjardins,Clinical,α,France
SRS405133,SRR798777,Pr68,VNI,VNIb,Desjardins,Environmental,α,S. Africa
SRS417590,SRR836631,AD4-47a,VNI,VNIb,Desjardins,Clinical,α,France
SRS417594,SRR836648,AD4-92a,VNI,VNIb,Desjardins,Clinical,α,France
SRS417595,SRR836660,AD5-45a,VNI,VNIb,Desjardins,Clinical,α,France
SRS417582,SRR836604,AD3-55a,VNI,VNIb,Desjardins,Clinical,α,France
SRS417601,SRR836683,AD6-55a,VNI,VNIb,Desjardins,Clinical,α,France
SRS417604,SRR836689,Arg1366,VNI,VNIb,Desjardins,Clinical,α,Argentina
SRS417656,SRR836964,Pr284-1,VNI,VNIb,Desjardins,Environmental,α,Botswana
SRS520184,SRR1063286,TCl-11,VNI,VNIb,Desjardins,Clinical,α,Togo
SRS417676,SRR837084,Ug2459,VNI,VNIb,Desjardins,Clinical,α,Uganda
SRS417600,SRR842038,AD6-54a,VNI,VNIb,Desjardins,Clinical,α,France
SRS520173,SRR1063253,A1-84-14,VNI,VNIb,Desjardins,Environmental,α,USA
SRS405141,SRR798837,Bt111,VNI,VNIb,Desjardins,Clinical,α,Botswana
SRS881244,SRR1926055,NRHc5015.ENR,VNI,VNIc,Desjardins,Clinical,α,Botswana
SRS881152,SRR1925890,PMHc1034.ENR.STOR,VNI,VNIc,Desjardins,Clinical,α,Botswana
SRS881169,SRR1925912,PMHc1043.ENR.STOR,VNI,VNIc,Desjardins,Clinical,α,Botswana
SRS881197,SRR1925938,Gbc44-1,VNI,VNIc,Desjardins,Environmental,α,Botswana
SRS404444,SRR797707,Bt106,VNI,VNIc,Desjardins,Clinical,α,Botswana
SRS409062,SRR642852,Bt15,VNI,VNIc,Desjardins,Clinical,α,Botswana
SRS405151,SRR799053,Bt57,VNI,VNIc,Desjardins,Clinical,α,Botswana
SRS404442,SRR799061,Bt211,VNI,VNIc,Desjardins,Clinical,α,Botswana
SRS405147,SRR798922,Bt116,VNI,VNIc,Desjardins,Clinical,α,Botswana
SRS523961,SRR642846,Bt120,VNI,VNIc,Desjardins,Clinical,α,Botswana
SRS404449,SRR798638,Bt213,VNI,VNIc,Desjardins,Clinical,α,Botswana
SRS405146,SRR799026,Bt8,VNI,VNIc,Desjardins,Clinical,α,Botswana
SRS885874,SRR1942967,Gbc39-2,VNI,VNIc,Desjardins,Environmental,α,Botswana
SRS881142,SRR1925881,NRHc5017.ENR,VNI,VNIc,Desjardins,Clinical,α,Botswana
SRS520180,SRR1063269,MW-RSA524,VNI,VNIc,Desjardins,Clinical,α,S. Africa
SRS520178,SRR1063265,MW-RSA3834,VNI,VNIc,Desjardins,Clinical,α,S. Africa
SRS429660,SRR868750,Bt210,VNI,VNIc,Desjardins,Clinical,α,Botswana
SRS417662,SRR836988,RTC5,VNI,VNIc,Desjardins,Clinical,α,Botswana
SRS417637,SRR836871,Bt4,VNI,VNIc,Desjardins,Clinical,α,Botswana
SRS881202,SRR1926079,Gbc39-1,VNI,VNIc,Desjardins,Environmental,α,Botswana
SRS881204,SRR1925987,Gbc42-1,VNI,VNIc,Desjardins,Environmental,α,Botswana
SRS885843,SRR1942909,PMHc1032.ENR,VNI,VNIc,Desjardins,Clinical,α,Botswana
SRS881239,SRR1926048,NRHc5048.ENR.ISO,VNI,VNIc,Desjardins,Clinical,α,Botswana
SRS885170,SRR1931695,Gbc16-1,VNI,VNIc,Desjardins,Environmental,α,Botswana
SRS881160,SRR1925902,NRHc5001.ENR,VNI,VNIc,Desjardins,Clinical,α,Botswana
SRS881200,SRR1925975,Gbc98-1,VNI,VNIc,Desjardins,Environmental,α,Botswana
SRS885916,SRR1943071,PMHc1031A.ENR.INI.LP,VNI,VNIc,Desjardins,Clinical,α,Botswana
SRS881196,SRR1925952,PMHc1020.CLIN.1,VNI,VNIc,Desjardins,Clinical,α,Botswana
SRS404451,SRR798735,Bt42,VNI,VNIc,Desjardins,Clinical,α,Botswana
SRS881241,SRR1926056,PMHc1022.ENR,VNI,VNIc,Desjardins,Clinical,α,Botswana
SRS881220,SRR1926013,Gbc51-2,VNI,VNIc,Desjardins,Environmental,α,Botswana
SRS885879,SRR1942971,NRHc5015.REL.CLIN.ISO,VNI,VNIc,Desjardins,Clinical,α,Botswana
SRS881246,SRR1926059,Gbc95-1,VNI,VNIc,Desjardins,Environmental,α,Botswana
SRS405145,SRR798882,Bt117,VNI,VNIc,Desjardins,Clinical,α,Botswana
SRS405119,SRR799041,Bt90,VNI,VNIc,Desjardins,Clinical,α,Botswana
SRS405118,SRR798668,Bt30,VNI,VNIc,Desjardins,Clinical,α,Botswana
SRS405129,SRR798743,Bt108,VNI,VNIc,Desjardins,Clinical,α,Botswana
SRS404775,SRR798180,Bt156,VNI,VNIc,Desjardins,Clinical,α,Botswana
SRS404786,SRR798959,Bt72,VNI,VNIc,Desjardins,Clinical,α,Botswana
SRS404777,SRR798589,Bt78,VNI,VNIc,Desjardins,Clinical,α,Botswana
SRS404792,SRR798238,Bt87,VNI,VNIc,Desjardins,Clinical,α,Botswana
SRS404780,SRR798220,Bt114,VNI,VNIc,Desjardins,Clinical,α,Botswana
SRS404782,SRR798222,Bt44,VNI,VNIc,Desjardins,Clinical,α,Botswana
SRS404783,SRR798599,Bt214,VNI,VNIc,Desjardins,Clinical,α,Botswana
SRS404785,SRR798661,Bt207,VNI,VNIc,Desjardins,Clinical,α,Botswana
SRS404788,SRR798230,Bt129,VNI,VNIc,Desjardins,Clinical,α,Botswana
SRS404791,SRR798236,Bt79,VNI,VNIc,Desjardins,Clinical,α,Botswana
SRS405128,SRR798742,Bt205,VNI,VNIc,Desjardins,Clinical,α,Botswana
SRS405124,SRR798729,Bt77,VNI,VNIc,Desjardins,Clinical,α,Botswana
SRS404794,SRR798246,Bt202,VNI,VNIc,Desjardins,Clinical,α,Botswana
SRS405122,SRR798717,Bt11,VNI,VNIc,Desjardins,Clinical,α,Botswana
SRS404809,SRR798708,Bt209,VNI,VNIc,Desjardins,Clinical,α,Botswana
SRS404812,SRR798282,Bt161,VNI,VNIc,Desjardins,Clinical,α,Botswana
SRS404813,SRR798283,LP-RSA848,VNI,VNIc,Desjardins,Clinical,α,S. Africa
SRS405098,SRR798584,Bt17,VNI,VNIc,Desjardins,Clinical,α,Botswana
SRS405121,SRR798707,Bt47,VNI,VNIc,Desjardins,Clinical,α,Botswana
SRS405107,SRR798633,Bt153,VNI,VNIc,Desjardins,Clinical,α,Botswana
SRS405111,SRR798700,Bt83,VNI,VNIc,Desjardins,Clinical,α,Botswana
SRS405113,SRR798659,Bt137,VNI,VNIc,Desjardins,Clinical,α,Botswana
SRS404756,SRR798163,Bt20,VNI,VNIc,Desjardins,Clinical,α,Botswana
SRS404766,SRR798161,Bt126,VNI,VNIc,Desjardins,Clinical,α,Botswana
SRS405130,SRR798752,Bt59,VNI,VNIc,Desjardins,Clinical,α,Botswana
SRS404759,SRR798915,Bt93,VNI,VNIc,Desjardins,Clinical,α,Botswana
SRS404460,SRR797740,Bt43,VNI,VNIc,Desjardins,Clinical,α,Botswana
SRS404475,SRR797746,LP-RSA3042,VNI,VNIc,Desjardins,Clinical,α,S. Africa
SRS404470,SRR797748,Bt118,VNI,VNIc,Desjardins,Clinical,α,Botswana
SRS405139,SRR798833,Bt95,VNI,VNIc,Desjardins,Clinical,α,Botswana
SRS404480,SRR797784,Gb159-1,VNI,VNIc,Desjardins,Environmental,α,Botswana
SRS404488,SRR798765,Bt23,VNI,VNIc,Desjardins,Clinical,α,Botswana
SRS404485,SRR797760,Bt130,VNI,VNIc,Desjardins,Clinical,a,Botswana
SRS404486,SRR798186,Bt101,VNI,VNIc,Desjardins,Clinical,α,Botswana
SRS404489,SRR797764,Bt203,VNI,VNIc,Desjardins,Clinical,α,Botswana
SRS404491,SRR797766,Bt155,VNI,VNIc,Desjardins,Clinical,α,Botswana
SRS404493,SRR797768,Bt2,VNI,VNIc,Desjardins,Clinical,α,Botswana
SRS404454,SRR797763,Bt37,VNI,VNIc,Desjardins,Clinical,α,Botswana
SRS405137,SRR798807,Bt97,VNI,VNIc,Desjardins,Clinical,α,Botswana
SRS404498,SRR797791,LP-RSA116,VNI,VNIc,Desjardins,Clinical,α,S. Africa
SRS404501,SRR797782,Bt68,VNI,VNIc,Desjardins,Clinical,α,Botswana
SRS404505,SRR797789,LP-RSA1343,VNI,VNIc,Desjardins,Clinical,α,S. Africa
SRS404507,SRR797793,Bt150,VNI,VNIc,Desjardins,Clinical,α,Botswana
SRS404508,SRR797794,Bt123,VNI,VNIc,Desjardins,Clinical,α,Botswana
SRS404511,SRR797799,Bt19,VNI,VNIc,Desjardins,Clinical,α,Botswana
SRS404512,SRR797800,Bt160,VNI,VNIc,Desjardins,Clinical,α,Botswana
SRS405135,SRR798780,Bt110,VNI,VNIc,Desjardins,Clinical,α,Botswana
SRS404517,SRR798270,Bt100,VNI,VNIc,Desjardins,Clinical,α,Botswana
SRS405134,SRR798775,Bt151,VNI,VNIc,Desjardins,Clinical,α,Botswana
SRS405132,SRR798768,Bt121,VNI,VNIc,Desjardins,Clinical,α,Botswana
SRS405136,SRR798803,Bt62,VNI,VNIc,Desjardins,Clinical,α,Botswana
SRS405142,SRR798839,Bt104,VNI,VNIc,Desjardins,Clinical,α,Botswana
SRS881178,"SRR1925990, SRR1926071, SRR1944719",NRHc5005.ENR,VNBI,,Desjardins,Clinical,α,Botswana
SRS881184,"SRR1925933, SRR1926009, SRR1942977",Ftc202-1,VNBI,,Desjardins,Environmental,α,Botswana
SRS881232,"SRR1926034, SRR1931691, SRR1942979, SRR1944785",Ftc239-1,VNBI,,Desjardins,Environmental,α,Botswana
SRS885855,"SRR1942921, SRR1942926, SRR1944803",Ftc137-1,VNBI,,Desjardins,Environmental,α,Botswana
SRS885893,"SRR1943021, SRR1947212, SRR1947255",NRHc5045.ENR.CLIN.ISO,VNBI,,Desjardins,Clinical,a,Botswana
SRS881243,"SRR1926089, SRR1944710, SRR1944771",Muc479-1,VNBI,,Desjardins,Environmental,α,Botswana
SRS881143,"SRR1925884, SRR1926001, SRR1943020",Ftc555-1,VNBI,,Desjardins,Environmental,a,Botswana
SRS881161,"SRR1925900, SRR1925986, SRR1944755",PMHc1052.ENR.STOR,VNBII,,Desjardins,Clinical,a,Botswana
SRS881213,"SRR1925996, SRR1926000, SRR1943115, SRR1944735",Muc364-1,VNBI,,Desjardins,Environmental,α,Botswana
SRS885173,"SRR1931703, SRR1944823, SRR1944843",NRHc5004.ENR,VNBI,,Desjardins,Clinical,a,Botswana
SRS885168,"SRR1931688, SRR1944700, SRR1944805",Ftc170-1,VNBI,,Desjardins,Environmental,a,Botswana
SRS881185,"SRR1925935, SRR1944777, SRR1944793",PMHc1049.THER1.STOR,VNBII,,Desjardins,Clinical,α,Botswana
SRS881149,"SRR1925887, SRR1943127, SRR1944792",Muc503-1,VNBI,,Desjardins,Environmental,α,Botswana
SRS881168,"SRR1943111, SRR1926068, SRR1944783, SRR1944814",Ftc239-2,VNBI,,Desjardins,Environmental,a,Botswana
SRS881191,"SRR1925955, SRR1942993, SRR1944749",Ftc111-1,VNBI,,Desjardins,Environmental,a,Botswana
SRS881238,"SRR1926038, SRR1926046, SRR1944778",PMHc1026.ENR,VNBI,,Desjardins,Clinical,α,Botswana
SRS885171,"SRR1931697, SRR1944807, SRR1944811",NRHc5008.ENR,VNBII,,Desjardins,Clinical,a,Botswana
SRS881162,"SRR1925904, SRR1925991, SRR1926023",NRHc5039.ENR.STOR,VNBI,,Desjardins,Clinical,α,Botswana
SRS881205,"SRR1925985, SRR1944718, SRR1944724",Muc387-2,VNBII,,Desjardins,Environmental,α,Botswana
SRS881235,"SRR1926045, SRR1943107, SRR1944826",Ftc209-3,VNBI,,Desjardins,Environmental,a,Botswana
SRS885915,"SRR1943061, SRR1943069, SRR1947210",Ftc211-1,VNBI,,Desjardins,Environmental,α,Botswana
SRS881216,"SRR1926008, SRR1944740, SRR1944825",PMHc1024.ENR,VNBII,,Desjardins,Clinical,a,Botswana
SRS881189,"SRR1925974, SRR1925999, SRR1944768",NRHc5014.ENR,VNBII,,Desjardins,Clinical,a,Botswana
SRS885892,"SRR1943011, SRR1943013, SRR1947257",PMHc1001.ENR,VNBI,,Desjardins,Clinical,α,Botswana
SRS881188,"SRR1925937, SRR1926030, SRR1944766",Muc504-1,VNBI,,Desjardins,Environmental,α,Botswana
SRS881236,"SRR1926040, SRR1943117, SRR1944780",NRHc5041.ENR.STOR,VNBI,,Desjardins,Clinical,α,Botswana
SRS881228,"SRR1926029, SRR1943126, SRR1944720",NRHc5024.ENR.CLIN.1,VNBI,,Desjardins,Clinical,α,Botswana
SRS881227,"SRR1926086, SRR1943063, SRR1944729",Muc437-1,VNBI,,Desjardins,Environmental,α,Botswana
SRS881214,"SRR1925995, SRR1926021, SRR1931715",Muc416-4,VNBI,,Desjardins,Environmental,α,Botswana
SRS881222,"SRR1926085, SRR1943160, SRR1944815",Ftc146-1,VNBI,,Desjardins,Environmental,α,Botswana
SRS881183,"SRR1925926, SRR1926016, SRR1944806",Muc451-1,VNBI,,Desjardins,Environmental,α,Botswana
SRS885854,"SRR1942923, SRR1942933, SRR1944840",Ftc167-1,VNBI,,Desjardins,Environmental,α,Botswana
SRS881210,"SRR1925994, SRR1926084, SRR1943001",PMHc1002.ENR,VNBII,,Desjardins,Clinical,α,Botswana
SRS881217,"SRR1926010, SRR1931694, SRR1944712, SRR1944854",Ftc241-1,VNBI,,Desjardins,Environmental,a,Botswana
SRS881226,"SRR1926011, SRR1926036, SRR1944775",PMHc1009.ENR,VNBII,,Desjardins,Clinical,α,Botswana
SRS885880,"SRR1942973, SRR1944813, SRR1944844",NRHc5042.ENR.STOR,VNBI,,Desjardins,Clinical,α,Botswana
SRS885192,"SRR1931725, SRR1944699, SRR1944866",Ftc225-3,VNBI,,Desjardins,Environmental,a,Botswana
SRS881174,"SRR1925917, SRR1943015, SRR1944716",Ftc321-1,VNBI,,Desjardins,Environmental,α,Botswana
SRS881234,"SRR1926026, SRR1942912, SRR1943073",Ftc109-1,VNBI,,Desjardins,Environmental,α,Botswana
SRS881148,"SRR1925888, SRR1943062, SRR1944794",NRHc5013.REL.INI,VNBI,,Desjardins,Clinical,a,Botswana
SRS881207,"SRR1926082, SRR1942886, SRR1943128",NRHc5011.ENR,VNBI,,Desjardins,Clinical,α,Botswana
SRS885188,"SRR1931722, SRR1944685, SRR1944702",NRHc5022.ENR,VNBI,,Desjardins,Clinical,α,Botswana
SRS881229,"SRR1926031, SRR1944790, SRR1944829",Ftc321-2,VNBI,,Desjardins,Environmental,α,Botswana
SRS881206,"SRR1926081, SRR1944725, SRR1944732",Ftc327-1,VNBI,,Desjardins,Environmental,α,Botswana
SRS881166,"SRR1925908, SRR1926015, SRR1942891",NRHc5032.ENR.CLIN.ISO,VNBI,,Desjardins,Clinical,α,Botswana
SRS881219,"SRR1926005, SRR1944770, SRR1944788",Ftc151-1,VNBI,,Desjardins,Environmental,a,Botswana
SRS885853,"SRR1942918, SRR1942928, SRR1944745",Muc418-1,VNBI,,Desjardins,Environmental,α,Botswana
SRS881172,"SRR1925914, SRR1926012, SRR1942996",NRHc5026.ENR.CLIN.ISO,VNBI,,Desjardins,Clinical,α,Botswana
SRS885863,"SRR1942945, SRR1944824, SRR1944827",Ftc222-2,VNBI,,Desjardins,Environmental,α,Botswana
SRS881245,"SRR1926061, SRR1943220, SRR1944761, SRR1944776",Ftc134-3,VNBI,,Desjardins,Environmental,α,Botswana
SRS885875,"SRR1942968, SRR1944849, SRR1944851",NRHc5013.ENR,VNBI,,Desjardins,Clinical,a,Botswana
SRS881140,"SRR1925880, SRR1942898, SRR1944802",NRHc5030.ENR.CLIN.ISO,VNBI,,Desjardins,Clinical,a,Botswana
SRS881177,"SRR1925925, SRR1925997, SRR1943114",Ftc200-1,VNBI,,Desjardins,Environmental,α,Botswana
SRS881151,"SRR1925891, SRR1943068, SRR1943130",NRHc5029.ENR.CLIN.ISO,VNBI,,Desjardins,Clinical,α,Botswana
SRS881225,"SRR1926020, SRR1943159, SRR1944756",NRHc5031.ENR.CLIN.ISO,VNBII,,Desjardins,Clinical,α,Botswana
SRS881240,"SRR1926047, SRR1931726, SRR1944705",NRHc5021.ENR,VNBI,,Desjardins,Clinical,a,Botswana
SRS881215,"SRR1926006, SRR1926022, SRR1944707",Ftc207-1,VNBI,,Desjardins,Environmental,a,Botswana
SRS881199,"SRR1925977, SRR1926007, SRR1943116",Ftc102-1,VNBI,,Desjardins,Environmental,a,Botswana
SRS881194,"SRR1925976, SRR1926078, SRR1944796",Muc457-1,VNBI,,Desjardins,Environmental,α,Botswana
SRS881159,"SRR1925899, SRR1944786, SRR1944791",PMHc1033.ENR,VNBII,,Desjardins,Clinical,α,Botswana
SRS885191,"SRR1931716, SRR1944687, SRR1944701",Muc460-3,VNBI,,Desjardins,Environmental,α,Botswana
SRS881221,"SRR1926087, SRR1926088, SRR1944804",Ftc555-2,VNBI,,Desjardins,Environmental,α,Botswana
SRS881212,"SRR1926004, SRR1926050, SRR1944812",PMHc1023.ENR,VNII,,Desjardins,Clinical,α,Botswana
SRS885841,"SRR1942901, SRR1942919, SRR1944818",NRHc5009.REL.INI,VNBI,,Desjardins,Clinical,α,Botswana
SRS881147,"SRR1925889, SRR1942904, SRR1944833",Ftc209-1,VNBI,,Desjardins,Environmental,α,Botswana
SRS881218,"SRR1926017, SRR1926058, SRR1926083, SRR1942941",Ftc195-1,VNBI,,Desjardins,Environmental,α,Botswana
SRS881224,"SRR1926019, SRR1944726, SRR1944779",Ftc236-1,VNBI,,Desjardins,Environmental,α,Botswana
SRS885894,"SRR1943023, SRR1947215, SRR1947216",Muc498-2,VNBI,,Desjardins,Environmental,a,Botswana
SRS885816,"SRR1942884, SRR1944748, SRR1944850",Ftc225-1,VNBI,,Desjardins,Environmental,α,Botswana
SRS881211,"SRR1926002, SRR1943129, SRR1944750",PMHc1050.ENR.CLIN1,VNBI,,Desjardins,Clinical,α,Botswana
SRS881198,"SRR1925978, SRR1931705, SRR1943090",Ftc153-1,VNBI,,Desjardins,Environmental,a,Botswana
SRS881157,"SRR1925903, SRR1943007, SRR1944760",NRHc5035.ENR.CLIN.ISO,VNBI,,Desjardins,Clinical,α,Botswana
SRS885857,"SRR1942932, SRR1944767, SRR1944853",Ftc192-1,VNBI,,Desjardins,Environmental,a,Botswana
SRS881193,"SRR1925954, SRR1926003, SRR1944753",Muc489-1,VNBI,,Desjardins,Environmental,α,Botswana
SRS881233,"SRR1926037, SRR1942947, SRR1944731",Muc402-1,VNBI,,Desjardins,Environmental,α,Botswana
SRS885167,"SRR1931687, SRR1944688, SRR1944810",Ftc321-3,VNBI,,Desjardins,Environmental,a,Botswana
SRS881201,"SRR1925984, SRR1943110, SRR1944800",NRHc5027.ENR.CLIN1,VNBI,,Desjardins,Clinical,α,Botswana
SRS885865,"SRR1942949, SRR1944870, SRR1944872",Ftc158-2,VNBI,,Desjardins,Environmental,a,Botswana
SRS885878,"SRR1942972, SRR1944809, SRR1944857",Ftc168-1,VNBI,,Desjardins,Environmental,a,Botswana
SRS881223,"SRR1926024, SRR1944739, SRR1944743",Ftc267-2,VNBI,,Desjardins,Environmental,α,Botswana
SRS885169,"SRR1931690, SRR1931723, SRR1944715",Gbc573-1,VNBI,,Desjardins,Environmental,α,Botswana
SRS885877,"SRR1943219, SRR1944728, SRR1944871",NRHc5023.ENR,VNBI,,Desjardins,Clinical,α,Botswana
SRS885882,"SRR1942975, SRR1943017, SRR1944839",Muc449-1,VNBI,,Desjardins,Environmental,α,Botswana
SRS881150,"SRR1925892, SRR1926018, SRR1944836",Ftc132-1,VNBI,,Desjardins,Environmental,α,Botswana
SRS885176,"SRR1931706, SRR1944713, SRR1944861",NRHc5037.ENR.CLIN1,VNBI,,Desjardins,Clinical,a,Botswana
SRS885847,"SRR1942908, SRR1944828, SRR1944862",PMHc1047.ENR.CLIN1,VNBII,,Desjardins,Clinical,α,Botswana
SRS881173,"SRR1925916, SRR1925981, SRR1943009",Muc463-2,VNBI,,Desjardins,Environmental,α,Botswana
SRS885871,"SRR1942965, SRR1944834, SRR1944838",Muc367-1,VNBI,,Desjardins,Environmental,α,Botswana
SRS881242,"SRR1926060, SRR1943016, SRR1944784",PMHc1014.ENR,VNBI,,Desjardins,Clinical,a,Botswana
SRS881175,"SRR1925979, SRR1926069, SRR1944751",Ftc103-1,VNBI,,Desjardins,Environmental,α,Botswana
SRS881171,"SRR1925913, SRR1925980, SRR1942885",Ftc173-1,VNBI,,Desjardins,Environmental,α,Botswana
SRS881180,"SRR1926072, SRR1943065, SRR1944730",PMHc1029.ENR.STOR,VNBII,,Desjardins,Clinical,α,Botswana
SRS881176,"SRR1926070, SRR1942974, SRR1943059",PMHc1035.ENR.STOR,VNBII,,Desjardins,Clinical,α,Botswana
SRS885851,"SRR1942916, SRR1944754, SRR1944763",NRHc5009.ENR,VNBI,,Desjardins,Clinical,not assigned,Botswana
SRS885852,"SRR1942917, SRR1944711, SRR1944848",NRHc5024A.ENR.CLIN.ISO,VNBI,,Desjardins,Clinical,α,Botswana
SRS885177,"SRR1931717, SRR1944686, SRR1944741",NRHc5019.ENR,VNBI,,Desjardins,Clinical,α,Botswana
SRS885186,"SRR1931718, SRR1944698, SRR1944734",NRHc5020.ENR,VNBI,,Desjardins,Clinical,a,Botswana
SRS885887,"SRR1942997, SRR1942998, SRR1947213",Muc525-1,VNBI,,Desjardins,Environmental,α,Botswana
SRS881247,"SRR1926052, SRR1942936, SRR1944847, SRR1944868",Ftc257-1,VNBI,,Desjardins,Environmental,α,Botswana
SRS885888,"SRR1943004, SRR1943012, SRR1943019",NRHc5040.ENR.CLIN.ISO,VNBI,,Desjardins,Clinical,α,Botswana
SRS881165,"SRR1925910, SRR1925936, SRR1944746",Muc466-1,VNBI,,Desjardins,Environmental,α,Botswana
SRS881181,"SRR1925924, SRR1926053, SRR1943057",Muc458-2,VNBI,,Desjardins,Environmental,α,Botswana
SRS885850,"SRR1942915, SRR1944821, SRR1944859",Muc516-1,VNBI,,Desjardins,Environmental,α,Botswana
SRS881203,"SRR1925982, SRR1943108, SRR1944765",Muc466-3,VNBI,,Desjardins,Environmental,α,Botswana
SRS881164,"SRR1925907, SRR1944744, SRR1944747",PMHc1038.ENR.CLIN1,VNBI,,Desjardins,Clinical,α,Botswana
SRS881155,"SRR1925895, SRR1925989, SRR1944799",Ftc267-1,VNBI,,Desjardins,Environmental,α,Botswana
SRS885842,"SRR1942905, SRR1944752, SRR1944801",Ftc217-1,VNBI,,Desjardins,Environmental,α,Botswana
SRS885833,"SRR1942887, SRR1944832, SRR1944835",Muc387-1,VNBII,,Desjardins,Environmental,α,Botswana
SRS881179,"SRR1925922, SRR1944738, SRR1944769",PMHc1030.ENR.CLIN.ISO,VNBI,,Desjardins,Clinical,α,Botswana
SRS881158,"SRR1942986, SRR1925901, SRR1943109, SRR1944819",PMHc1011.ENR,VNBI,,Desjardins,Clinical,a,Botswana
SRS885858,"SRR1942937, SRR1944820, SRR1944860",Ftc214-1,VNBI,,Desjardins,Environmental,α,Botswana
SRS409112,"SRX189619, SRX189366, SRX189593",Bt63,VNBI,,Desjardins,Clinical,a,Botswana
SRS409066,"SRX189630, SRX189367, SRX189594",Bt85,VNBI,,Desjardins,Clinical,a,Botswana
SRS409061,"SRX189605, SRX189369, SRX189608",Ze90-1,VNBII,,Desjardins,Environmental,α,S. Africa
SRS409075,"SRX189601, SRX189620, SRX189374",Bt206,VNBII,,Desjardins,Clinical,a,Botswana
SRS409065,"SRX189615, SRX189609, SRX189375",Bt1,VNBII,,Desjardins,Clinical,α,Botswana
SRS409176,SRX189611,C45,VNII,,Desjardins,Clinical,α,USA
SRS409483,"SRX189632, SRX189623",Tu401-1,VNBI,,Desjardins,Environmental,α,Botswana
SRS409067,"SRX189631, SRX256488, SRX219293",MW-RSA852,VNII,,Desjardins,Clinical,α,S. Africa
SRS404448,"SRX255602, SRX255580, SRX256359",Bt76,VNBII,,Desjardins,Clinical,α,Botswana
SRS404458,"SRX255594, SRX255662",Bt89,VNBII,,Desjardins,Clinical,α,Botswana
SRS404461,"SRX255597, SRX256004",Bt54,VNBII,,Desjardins,Clinical,α,Botswana
SRS404463,"SRX255599, SRX256482, SRX255636",Bt55,VNBII,,Desjardins,Clinical,α,Botswana
SRS404467,"SRX256062, SRX255606",Bt41,VNBII,,Desjardins,Clinical,α,Botswana
SRS404468,"SRX255607, SRX255619",Bt32,VNBII,,Desjardins,Clinical,α,Botswana
SRS404469,"SRX255661, SRX255608, SRX255651",Bt60,VNBI,,Desjardins,Clinical,α,Botswana
SRS404472,"SRX255644, SRX255611, SRX256442",Bt103,VNBII,,Desjardins,Clinical,α,Botswana
SRS404473,"SRX255612, SRX256421, SRX256459",Bt10,VNBII,,Desjardins,Clinical,α,Botswana
SRS404477,"SRX256032, SRX255615",Bt27,VNBII,,Desjardins,Clinical,α,Botswana
SRS404484,"SRX255957, SRX256508, SRX255624",Bt98,VNBII,,Desjardins,Clinical,α,Botswana
SRS404492,"SRX255633, SRX256474",MW-RSA4119,VNII,,Desjardins,Clinical,α,S. Africa
SRS404495,"SRX256015, SRX272108, SRX255637",Bt75,VNBII,,Desjardins,Clinical,α,Botswana
SRS404499,"SRX255642, SRX256531, SRX256396",Bt25,VNBII,,Desjardins,Clinical,α,Botswana
SRS404506,"SRX255653, SRX272107, SRX256517, SRX345121",Bt102,VNBI,,Desjardins,Clinical,α,Botswana
SRS404514,"SRX256449, SRX256533, SRX255663",Bt7,VNBI,,Desjardins,Clinical,α,Botswana
SRS404735,"SRX255940, SRX255942, SRX256376",Bt22,VNBI,,Desjardins,Clinical,α,Botswana
SRS404739,"SRX256029, SRX255946",Bt40,VNBII,,Desjardins,Clinical,α,Botswana
SRS404741,"SRX256409, SRX255989, SRX255949",Bt45,VNBI,,Desjardins,Clinical,α,Botswana
SRS404743,"SRX255950, SRX256497, SRX256438",Bt34,VNBII,,Desjardins,Clinical,α,Botswana
SRS404746,"SRX256430, SRX255955",Bt33,VNBII,,Desjardins,Clinical,α,Botswana
SRS404750,"SRX255961, SRX255966, SRX256066",Bt31,VNBII,,Desjardins,Clinical,α,Botswana
SRS404755,"SRX255974, SRX255986",Bt84,VNBII,,Desjardins,Clinical,α,Botswana
SRS404765,"SRX256397, SRX256507, SRX255991",Bt56,VNBII,,Desjardins,Clinical,α,Botswana
SRS404778,"SRX256010, SRX272109, SRX256352",Bt88,VNBII,,Desjardins,Clinical,a,Botswana
SRS404779,"SRX256501, SRX256011, SRX256538",Bt46,VNBII,,Desjardins,Clinical,α,Botswana
SRS404781,"SRX256371, SRX256013",Bt52,VNBII,,Desjardins,Clinical,α,Botswana
SRS404784,"SRX256017, SRX256416",Bt38,VNBII,,Desjardins,Clinical,α,Botswana
SRS404789,"SRX256021, SRX256056, SRX404421",Bt53,VNBII,,Desjardins,Clinical,α,Botswana
SRS404797,SRX256039,C2,VNII,,Desjardins,Clinical,α,USA
SRS404800,"SRX256530, SRX256520, SRX256042",Bt24,VNBI,,Desjardins,Clinical,a,Botswana
SRS404808,"SRX256380, SRX256047",Bt81,VNBII,,Desjardins,Clinical,a,Botswana
SRS404805,"SRX256051, SRX256385",Bt39,VNBII,,Desjardins,Clinical,α,Botswana
SRS404810,"SRX256355, SRX256055",Bt5,VNBII,,Desjardins,Clinical,α,Botswana
SRS405101,"SRX256361, SRX256495",T4,VNII,,Desjardins,Environmental,α,USA
SRS405120,"SRX256415, SRX256490, SRX256505",Bt70,VNBI,,Desjardins,Clinical,a,Botswana
SRS405123,"SRX256429, SRX256439, SRX256428",Bt96,VNBI,,Desjardins,Clinical,α,Botswana
SRS405149,"SRX256550, SRX256537",LP-RSA1684,VNII,,Desjardins,Clinical,α,S. Africa
SRS417571,SRX273085,8-1,VNII,,Desjardins,Clinical,α,USA
SRS417579,SRX273097,AD3-11a,VNII,,Desjardins,Clinical,α,France
SRS417597,SRX273105,AD3-9a,VNII,,Desjardins,Clinical,α,France
SRS417599,SRX273116,AD5-67a,VNII,,Desjardins,Clinical,α,France
SRS417605,"SRX273121, SRX273122, SRX404420",Bt105,VNBII,,Desjardins,Clinical,α,Botswana
SRS417606,"SRX273124, SRX273123",Bt109,VNBII,,Desjardins,Clinical,α,Botswana
SRS417607,"SRX273126, SRX273125",Bt115,VNBII,,Desjardins,Clinical,α,Botswana
SRS417609,"SRX273130, SRX273131",Bt128,VNBII,,Desjardins,Clinical,α,Botswana
SRS417611,"SRX273143, SRX273141, SRX273142",Bt133,VNBII,,Desjardins,Clinical,a,Botswana
SRS417612,"SRX273145, SRX273144",Bt136,VNBII,,Desjardins,Clinical,α,Botswana
SRS417615,"SRX273151, SRX273150, SRX273152",Bt143,VNBII,,Desjardins,Clinical,α,Botswana
SRS417616,"SRX273155, SRX273153, SRX273154",Bt146,VNBII,,Desjardins,Clinical,α,Botswana
SRS417618,SRX273157,Bt147,VNBI,,Desjardins,Clinical,α,Botswana
SRS417619,SRX273158,Bt148,VNBI,,Desjardins,Clinical,α,Botswana
SRS417620,SRX273159,Bt149,VNBII,,Desjardins,Clinical,α,Botswana
SRS417622,SRX273160,Bt152,VNBII,,Desjardins,Clinical,α,Botswana
SRS417624,SRX273163,Bt154,VNBI,,Desjardins,Clinical,α,Botswana
SRS417625,SRX273164,Bt157,VNBII,,Desjardins,Clinical,α,Botswana
SRS417635,SRX273168,Bt204,VNBI,,Desjardins,Clinical,a,Botswana
SRS417636,SRX273169,Bt208,VNBII,,Desjardins,Clinical,α,Botswana
SRS417639,"SRX273172, SRX273174, SRX273173",Bt65,VNBII,,Desjardins,Clinical,a,Botswana
SRS417641,SRX273176,C12,VNII,,Desjardins,Clinical,α,USA
SRS417644,"SRX273179, SRX273180",LP-RSA3144,VNBII,,Desjardins,Clinical,α,S. Africa
SRS417647,SRX273182,LP-RSA6618,VNBI,,Desjardins,Clinical,α,Botswana
SRS417658,SRX273185,LP-RSA756,VNBI,,Desjardins,Clinical,α,Botswana
SRS417650,"SRX273187, SRX273188",MW-RSA1186,VNBII,,Desjardins,Clinical,α,S. Africa
SRS417651,"SRX273189, SRX273355, SRX273190",MW-RSA1607,VNBII,,Desjardins,Clinical,α,S. Africa
SRS417652,SRX273191,MW-RSA2967,VNBII,,Desjardins,Clinical,α,S. Africa
SRS417653,SRX273192,MW-RSA3179,VNBII,,Desjardins,Clinical,α,S. Africa
SRS417654,SRX273193,MW-RSA3321,VNBII,,Desjardins,Clinical,α,S. Africa
SRS417655,"SRX273194, SRX273195",PLR10,VNBI,,Desjardins,Environmental,α,Botswana
SRS417659,"SRX273199, SRX273200",RTC3,VNBI,,Desjardins,Clinical,α,Botswana
SRS417661,"SRX273202, SRX273203",Tu229-1,VNBI,,Desjardins,Environmental,α,Botswana
SRS417665,"SRX273208, SRX273209",Tu360-1,VNBI,,Desjardins,Environmental,α,Botswana
SRS417667,"SRX273212, SRX273211, SRX273213 ",Tu369-1,VNBI,,Desjardins,Environmental,α,Botswana
SRS417668,"SRX273216, SRX273214, SRX273215",Tu406-1,VNBI,,Desjardins,Environmental,α,Botswana
SRS417669,"SRX273217, SRX273218, SRX273219",Tu416-1,VNBI,,Desjardins,Environmental,α,Botswana
SRS417675,"SRX273263, SRX273264",Tu422-1,VNBI,,Desjardins,Environmental,a,Botswana
SRS417678,SRX273266,Ug2462,VNII,,Desjardins,Clinical,α,Uganda
SRS502193,"SRX377406, SRX377405",Bt142,VNBI,,Desjardins,Clinical,a,Botswana
SRS520130,SRX399940,Bt35,VNBII,,Desjardins,Clinical,α,Botswana
SRS520177,"SRX400063, SRX400064",MW-RSA1327,VNII,,Desjardins,Clinical,α,S. Africa
SRS520179,"SRX400068, SRX400067",MW-RSA3956,VNII,,Desjardins,Clinical,α,S. Africa
SRS520181,"SRX400073, SRX400071, SRX400072",MW-RSA913,VNBII,,Desjardins,Clinical,α,S. Africa
SRS520182,"SRX400075, SRX400076",WM626,VNII,,Desjardins,Clinical,α,Australia
GCF_000149245,GCF_000149245,H99,VNI,VNIb,Reference,Clinical,α,USA
